Source,Target,Weight
spring-cloud/spring-cloud-netflix,spring-projects/spring-boot,10
spring-projects/spring-boot,spring-cloud/spring-cloud-netflix,10
spring-projects/spring-boot,spring-projects/spring-framework,9
spring-projects/spring-framework,spring-projects/spring-boot,9
confluentinc/ksql,apache/kafka,7
apache/kafka,confluentinc/ksql,7
square/okhttp,square/retrofit,6
square/retrofit,square/okhttp,6
alibaba/druid,alibaba/fastjson,5
google/auto,google/guava,5
google/guava,google/auto,5
alibaba/fastjson,alibaba/druid,5
spring-cloud/spring-cloud-netflix,Netflix/zuul,4
apache/beam,apache/flink,4
zo0r/react-native-push-notification,wix/react-native-navigation,4
Netflix/zuul,spring-cloud/spring-cloud-netflix,4
wix/react-native-navigation,zo0r/react-native-push-notification,4
google/guice,google/guava,4
google/ExoPlayer,square/okhttp,4
google/gson,square/okhttp,4
square/retrofit,square/moshi,4
google/guava,google/guice,4
spring-projects/spring-framework,spring-cloud/spring-cloud-netflix,4
square/okhttp,google/ExoPlayer,4
square/moshi,square/retrofit,4
square/okhttp,google/gson,4
apache/flink,apache/beam,4
spring-cloud/spring-cloud-netflix,spring-projects/spring-framework,4
apache/storm,apache/kafka,3
openzipkin/zipkin,spring-projects/spring-boot,3
google/auto,bazelbuild/bazel,3
JakeWharton/butterknife,JakeWharton/timber,3
square/retrofit,google/gson,3
google/auto,google/guice,3
google/auto,square/javapoet,3
react-native-community/react-native-svg,react-native-community/react-native-camera,3
rzwitserloot/lombok,FasterXML/jackson-databind,3
react-native-community/react-native-camera,wix/react-native-navigation,3
JakeWharton/butterknife,facebook/buck,3
google/guava,bazelbuild/bazel,3
spring-cloud/spring-cloud-netflix,Netflix/eureka,3
ReactiveX/RxJava,netty/netty,3
bazelbuild/bazel,google/auto,3
FasterXML/jackson-databind,spring-projects/spring-boot,3
spotify/helios,spotify/docker-maven-plugin,3
netty/netty,square/okhttp,3
CarGuo/GSYVideoPlayer,lipangit/JiaoZiVideoPlayer,3
Netflix/Hystrix,spring-cloud/spring-cloud-netflix,3
JakeWharton/timber,JakeWharton/butterknife,3
apache/incubator-skywalking,raphw/byte-buddy,3
square/javapoet,google/auto,3
grpc/grpc-java,netty/netty,3
mockito/mockito,junit-team/junit5,3
square/javapoet,square/dagger,3
DylanVann/react-native-fast-image,wix/react-native-navigation,3
spring-projects/spring-boot,codecentric/spring-boot-admin,3
mikepenz/FastAdapter,bumptech/glide,3
bumptech/glide,mikepenz/FastAdapter,3
spring-projects/spring-boot,openzipkin/zipkin,3
square/moshi,google/gson,3
square/moshi,square/okhttp,3
spring-projects/spring-boot,FasterXML/jackson-databind,3
react-native-community/react-native-camera,react-native-community/react-native-video,3
junit-team/junit5,mockito/mockito,3
square/dagger,square/javapoet,3
Netflix/eureka,spring-cloud/spring-cloud-netflix,3
spotify/docker-maven-plugin,spotify/helios,3
FasterXML/jackson-databind,rzwitserloot/lombok,3
google/gson,square/retrofit,3
react-native-community/react-native-video,react-native-community/react-native-camera,3
raphw/byte-buddy,apache/incubator-skywalking,3
spring-projects/spring-boot,junit-team/junit5,3
junit-team/junit5,spring-projects/spring-boot,3
netty/netty,spring-projects/spring-boot,3
bazelbuild/bazel,google/guava,3
codecentric/spring-boot-admin,spring-projects/spring-boot,3
square/okhttp,square/moshi,3
spring-cloud/spring-cloud-netflix,Netflix/Hystrix,3
google/gson,square/moshi,3
react-native-community/react-native-camera,react-native-community/react-native-svg,3
spring-projects/spring-boot,netty/netty,3
wix/react-native-navigation,DylanVann/react-native-fast-image,3
netty/netty,ReactiveX/RxJava,3
facebook/buck,JakeWharton/butterknife,3
wix/react-native-navigation,react-native-community/react-native-camera,3
square/okhttp,netty/netty,3
netty/netty,grpc/grpc-java,3
apache/kafka,apache/storm,3
lipangit/JiaoZiVideoPlayer,CarGuo/GSYVideoPlayer,3
google/guice,google/auto,3
spring-projects/spring-petclinic,spring-projects/spring-boot,2
spring-projects/spring-boot,spring-projects/spring-data-examples,2
springfox/springfox,lettuce-io/lettuce-core,2
mockito/mockito,raphw/byte-buddy,2
alibaba/jvm-sandbox,oldmanpushcart/greys-anatomy,2
Activiti/Activiti,springfox/springfox,2
reactor/reactor-core,spring-cloud/spring-cloud-netflix,2
mikepenz/FastAdapter,ACRA/acra,2
square/javapoet,square/moshi,2
square/okhttp,ReactiveX/RxJava,2
square/javapoet,square/okhttp,2
ReactiveX/RxJava,reactor/reactor-core,2
google/gson,MinecraftForge/MinecraftForge,2
lipangit/JiaoZiVideoPlayer,scwang90/SmartRefreshLayout,2
b3log/symphony,b3log/solo,2
eclipse/jetty.project,spring-projects/spring-boot,2
square/javapoet,JakeWharton/timber,2
lettuce-io/lettuce-core,springfox/springfox,2
reactor/reactor-core,ReactiveX/RxJava,2
junit-team/junit5,spring-projects/spring-framework,2
square/okhttp,square/leakcanary,2
springfox/springfox,spring-projects/spring-boot,2
springfox/springfox,alibaba/fastjson,2
ReactiveX/RxJava,ReactiveX/RxAndroid,2
alibaba/druid,alibaba/canal,2
bluelinelabs/Conductor,ReactiveX/RxJava,2
raphw/byte-buddy,mockito/mockito,2
facebook/react-native-fbsdk,react-native-community/react-native-svg,2
facebook/facebook-android-sdk,facebook/react-native-fbsdk,2
square/picasso,square/moshi,2
spring-projects/spring-boot,cglib/cglib,2
square/javapoet,square/retrofit,2
googlesamples/easypermissions,firebase/quickstart-android,2
neo4j/neo4j,junit-team/junit5,2
grpc/grpc-java,bazelbuild/bazel,2
springfox/springfox,junit-team/junit5,2
spring-projects/spring-boot,spring-projects/spring-petclinic,2
apereo/cas,Activiti/Activiti,2
ReactiveX/RxAndroid,ReactiveX/RxJava,2
pagehelper/Mybatis-PageHelper,abel533/Mapper,2
mybatis/spring-boot-starter,spring-projects/spring-boot,2
bumptech/glide,realm/realm-java,2
rzwitserloot/lombok,google/guava,2
lingochamp/FileDownloader,CarGuo/GSYVideoPlayer,2
google/gson,square/picasso,2
oldmanpushcart/greys-anatomy,alibaba/jvm-sandbox,2
Netflix/zuul,Netflix/Hystrix,2
zo0r/react-native-push-notification,react-native-community/react-native-camera,2
google/gson,square/javapoet,2
ReactiveX/RxAndroid,JakeWharton/ThreeTenABP,2
cglib/cglib,spring-projects/spring-boot,2
junit-team/junit5,springfox/springfox,2
google/guice,google/gson,2
testcontainers/testcontainers-java,spring-projects/spring-boot,2
hankcs/HanLP,NLPchina/ansj_seg,2
spring-projects/spring-boot,reactor/reactor-core,2
Netflix/Hystrix,Netflix/zuul,2
square/picasso,square/okhttp,2
JakeWharton/timber,square/javapoet,2
bazelbuild/bazel,grpc/grpc-java,2
NLPchina/ansj_seg,hankcs/HanLP,2
square/leakcanary,square/okhttp,2
mikepenz/MaterialDrawer,mikepenz/FastAdapter,2
google/guava,google/gson,2
square/moshi,JakeWharton/ThreeTenABP,2
alibaba/canal,alibaba/druid,2
immutables/immutables,google/guava,2
spockframework/spock,junit-team/junit5,2
square/moshi,square/javapoet,2
ReactiveX/RxJava,bumptech/glide,2
JakeWharton/timber,ReactiveX/RxJava,2
square/moshi,bumptech/glide,2
square/javapoet,ReactiveX/RxJava,2
spring-projects/spring-boot,querydsl/querydsl,2
bazelbuild/bazel,google/guice,2
facebook/buck,facebook/litho,2
oblac/jodd,apache/jmeter,2
ReactiveX/RxJava,square/retrofit,2
ReactiveX/RxJava,JakeWharton/butterknife,2
spring-cloud/spring-cloud-netflix,codecentric/spring-boot-admin,2
greenrobot/EventBus,greenrobot/greenDAO,2
bytedeco/javacpp,deeplearning4j/deeplearning4j,2
square/retrofit,ReactiveX/RxJava,2
ReactiveX/RxJava,bluelinelabs/Conductor,2
apache/jmeter,oblac/jodd,2
TechEmpower/FrameworkBenchmarks,hibernate/hibernate-orm,2
square/retrofit,square/picasso,2
YoKeyword/Fragmentation,Blankj/AndroidUtilCode,2
springfox/springfox,Activiti/Activiti,2
spring-projects/spring-data-examples,spring-projects/spring-boot,2
google/guice,bazelbuild/bazel,2
ACRA/acra,mikepenz/FastAdapter,2
bumptech/glide,square/moshi,2
elastic/elasticsearch,netty/netty,2
JakeWharton/timber,square/leakcanary,2
apache/incubator-skywalking,ctripcorp/apollo,2
apache/flink,apache/kafka,2
spring-projects/spring-boot,flyway/flyway,2
JakeWharton/ThreeTenABP,square/moshi,2
react-native-community/react-native-camera,facebook/react-native-fbsdk,2
google/gson,google/guava,2
eclipse/jetty.project,FasterXML/jackson-databind,2
deeplearning4j/deeplearning4j,bytedeco/javacpp,2
codecentric/spring-boot-admin,spring-cloud/spring-cloud-netflix,2
react-native-community/react-native-svg,facebook/react-native-fbsdk,2
deeplearning4j/deeplearning4j,bytedeco/javacv,2
facebook/react-native-fbsdk,react-native-community/react-native-camera,2
Blankj/AndroidUtilCode,YoKeyword/Fragmentation,2
square/okhttp,square/picasso,2
b3log/solo,b3log/symphony,2
facebook/litho,facebook/buck,2
google/auto,square/dagger,2
square/picasso,square/retrofit,2
apache/zookeeper,apache/storm,2
apache/storm,apache/zookeeper,2
apache/kafka,apache/flink,2
apache/zookeeper,apache/kafka,2
objectbox/objectbox-java,greenrobot/greenDAO,2
JakeWharton/ThreeTenABP,ReactiveX/RxAndroid,2
ReactiveX/RxJava,square/okhttp,2
ctripcorp/apollo,apache/incubator-skywalking,2
square/okhttp,bumptech/glide,2
objectbox/objectbox-java,greenrobot/EventBus,2
JakeWharton/butterknife,ReactiveX/RxJava,2
JakeWharton/timber,square/moshi,2
dropwizard/dropwizard,dropwizard/metrics,2
lettuce-io/lettuce-core,spring-projects/spring-boot,2
realm/realm-java,bumptech/glide,2
square/retrofit,square/javapoet,2
google/auto,google/gson,2
ReactiveX/RxJava,square/javapoet,2
square/dagger,google/auto,2
CymChad/BaseRecyclerViewAdapterHelper,zzhoujay/RichText,2
junit-team/junit5,neo4j/neo4j,2
flyway/flyway,spring-projects/spring-boot,2
google/ExoPlayer,firebase/quickstart-android,2
square/picasso,google/ExoPlayer,2
facebook/react-native-fbsdk,facebook/facebook-android-sdk,2
spring-projects/spring-petclinic,spring-cloud/spring-cloud-netflix,2
square/picasso,google/gson,2
square/leakcanary,JakeWharton/timber,2
greenrobot/greenDAO,objectbox/objectbox-java,2
JakeWharton/butterknife,square/javapoet,2
greenrobot/EventBus,objectbox/objectbox-java,2
MinecraftForge/MinecraftForge,google/gson,2
bytedeco/javacv,deeplearning4j/deeplearning4j,2
firebase/quickstart-android,googlesamples/google-services,2
spring-projects/spring-boot,testcontainers/testcontainers-java,2
netty/netty,elastic/elasticsearch,2
alibaba/fastjson,springfox/springfox,2
firebase/quickstart-android,google/ExoPlayer,2
querydsl/querydsl,spring-projects/spring-boot,2
square/okhttp,square/javapoet,2
Netflix/Hystrix,Netflix/eureka,2
apache/kafka,apache/zookeeper,2
google/ExoPlayer,square/picasso,2
mikepenz/FastAdapter,mikepenz/MaterialDrawer,2
abel533/Mapper,pagehelper/Mybatis-PageHelper,2
spring-projects/spring-boot,mybatis/spring-boot-starter,2
dropwizard/metrics,dropwizard/dropwizard,2
Netflix/eureka,Netflix/Hystrix,2
yanzhenjie/AndPermission,yanzhenjie/Album,2
firebase/quickstart-android,googlesamples/easypermissions,2
react-native-community/react-native-camera,zo0r/react-native-push-notification,2
greenrobot/greenDAO,greenrobot/EventBus,2
googlesamples/google-services,firebase/quickstart-android,2
spring-projects/spring-boot,lettuce-io/lettuce-core,2
reactor/reactor-core,spring-projects/spring-boot,2
ReactiveX/RxJava,JakeWharton/timber,2
square/moshi,JakeWharton/timber,2
junit-team/junit5,spockframework/spock,2
bumptech/glide,ReactiveX/RxJava,2
square/javapoet,google/gson,2
yanzhenjie/Album,yanzhenjie/AndPermission,2
google/guava,rzwitserloot/lombok,2
zzhoujay/RichText,CymChad/BaseRecyclerViewAdapterHelper,2
spring-cloud/spring-cloud-netflix,spring-projects/spring-petclinic,2
CarGuo/GSYVideoPlayer,lingochamp/FileDownloader,2
Activiti/Activiti,apereo/cas,2
spring-projects/spring-boot,eclipse/jetty.project,2
square/javapoet,JakeWharton/butterknife,2
bumptech/glide,square/okhttp,2
spring-cloud/spring-cloud-netflix,reactor/reactor-core,2
spring-projects/spring-framework,junit-team/junit5,2
spring-projects/spring-boot,springfox/springfox,2
hibernate/hibernate-orm,TechEmpower/FrameworkBenchmarks,2
google/gson,google/auto,2
square/moshi,square/picasso,2
google/guava,immutables/immutables,2
FasterXML/jackson-databind,eclipse/jetty.project,2
scwang90/SmartRefreshLayout,lipangit/JiaoZiVideoPlayer,2
google/gson,google/guice,2
greenrobot/EventBus,chennaione/sugar,1
apache/lucene-solr,apache/flink,1
apache/rocketmq,NanoHttpd/nanohttpd,1
JakeWharton/ThreeTenABP,google/auto,1
google/guava,java-native-access/jna,1
Activiti/Activiti,alibaba/atlas,1
Activiti/Activiti,junit-team/junit5,1
libgdx/libgdx,LWJGL/lwjgl3,1
apache/hive,libgdx/libgdx,1
razerdp/BasePopup,H07000223/FlycoTabLayout,1
naver/pinpoint,apache/jmeter,1
square/sqlbrite,ReactiveX/RxJava,1
mockito/mockito,spring-projects/spring-data-examples,1
firebase/quickstart-android,google/gson,1
apache/zookeeper,alibaba/jstorm,1
pwittchen/ReactiveNetwork,spring-cloud/spring-cloud-netflix,1
apache/lucene-solr,apache/ignite,1
pili-engineering/PLDroidPlayer,daniulive/SmarterStreaming,1
Bigkoo/Android-PickerView,JessYanCoding/ProgressManager,1
prestodb/presto,facebook/buck,1
futuresimple/android-floating-action-button,Karumi/Dexter,1
googlesamples/android-testing,google/closure-compiler,1
google/guice,square/dagger,1
json-path/JsonPath,netty/netty,1
Activiti/Activiti,Graylog2/graylog2-server,1
objectbox/objectbox-java,tbruyelle/RxPermissions,1
apache/storm,apache/jmeter,1
spring-projects/spring-boot,elastic/elasticsearch,1
pushtorefresh/storio,spotify/helios,1
apereo/cas,alibaba/jvm-sandbox,1
apache/kylin,apache/storm,1
Netflix/archaius,spring-projects/spring-boot,1
square/leakcanary,square/javapoet,1
dropwizard/metrics,spring-projects/spring-boot,1
mockito/mockito,koral--/android-gif-drawable,1
codecentric/spring-boot-admin,apereo/cas,1
Graylog2/graylog2-server,mockito/mockito,1
objectbox/objectbox-java,facebook/stetho,1
kabouzeid/Phonograph,TeamNewPipe/NewPipe,1
CymChad/BaseRecyclerViewAdapterHelper,CarGuo/GSYVideoPlayer,1
web3j/web3j,lettuce-io/lettuce-core,1
lipangit/JiaoZiVideoPlayer,Malinskiy/SuperRecyclerView,1
MinecraftForge/MinecraftForge,square/okhttp,1
naver/pinpoint,dropwizard/dropwizard,1
skylot/jadx,oblac/jodd,1
crate/crate,naver/pinpoint,1
JanusGraph/janusgraph,google/guava,1
rabbitmq/rabbitmq-tutorials,spring-projects/spring-framework,1
square/sqlbrite,JakeWharton/ThreeTenABP,1
junit-team/junit5,apache/beam,1
apache/hive,google/ExoPlayer,1
apache/tomcat,apache/kylin,1
shwenzhang/AndResGuard,bumptech/glide,1
square/picasso,square/sqlbrite,1
spockframework/spock,lettuce-io/lettuce-core,1
facebook/fresco,prestodb/presto,1
grpc/grpc-java,eclipse/jetty.project,1
square/leakcanary,square/tape,1
apache/cordova-android,reactor/reactor-core,1
H07000223/FlycoTabLayout,jdsjlzx/LRecyclerView,1
netty/netty,junit-team/junit5,1
apache/zeppelin,netty/netty,1
LuckSiege/PictureSelector,mcxtzhang/SwipeDelMenuLayout,1
ben-manes/caffeine,google/guice,1
realm/realm-java,ReactiveX/RxJava,1
MinecraftForge/MinecraftForge,spring-projects/spring-boot,1
square/okhttp,cymcsg/UltimateRecyclerView,1
naver/pinpoint,pushtorefresh/storio,1
Screetsec/TheFatRat,iBotPeaches/Apktool,1
square/retrofit,square/tape,1
oblac/jodd,spring-projects/spring-boot,1
alibaba/canal,alibaba/ARouter,1
google/guava,googlesamples/easypermissions,1
JakeWharton/ThreeTenABP,square/leakcanary,1
google/closure-compiler,googlesamples/android-testing,1
spring-projects/spring-boot,apache/jmeter,1
bluelinelabs/Conductor,PhilJay/MPAndroidChart,1
rzwitserloot/lombok,reactor/reactor-core,1
google/ExoPlayer,bumptech/glide,1
reactor/reactor-core,pushtorefresh/storio,1
JessYanCoding/MVPArms,luojilab/DDComponentForAndroid,1
alibaba/atlas,alibaba/ARouter,1
mockito/mockito,tomakehurst/wiremock,1
facebook/litho,prestodb/presto,1
LuckSiege/PictureSelector,goldze/MVVMHabit,1
aritraroy/UltimateAndroidReference,aritraroy/PatternLockView,1
rzwitserloot/lombok,bazelbuild/bazel,1
ReactiveX/RxAndroid,trello/RxLifecycle,1
apache/kylin,apache/kafka,1
scwang90/SmartRefreshLayout,luojilab/DDComponentForAndroid,1
yhaolpz/FloatWindow,CymChad/BaseRecyclerViewAdapterHelper,1
ctripcorp/apollo,codecentric/spring-boot-admin,1
apache/kafka,apache/lucene-solr,1
JakeWharton/butterknife,square/picasso,1
spockframework/spock,Activiti/Activiti,1
JakeWharton/butterknife,square/tape,1
pmd/pmd,JanusGraph/janusgraph,1
netty/netty,json-path/JsonPath,1
ReactiveX/RxJava,square/sqlbrite,1
spring-projects/spring-framework,rabbitmq/rabbitmq-tutorials,1
TeamNewPipe/NewPipe,kabouzeid/Phonograph,1
square/okhttp,googlesamples/easypermissions,1
TheAlgorithms/Java,sherxon/AlgoDS,1
NanoHttpd/nanohttpd,apache/flink,1
JakeWharton/butterknife,pmd/pmd,1
brettwooldridge/HikariCP,square/moshi,1
bumptech/glide,JakeWharton/ThreeTenABP,1
pushtorefresh/storio,pwittchen/ReactiveNetwork,1
Activiti/Activiti,MinecraftForge/MinecraftForge,1
web3j/web3j,spockframework/spock,1
pwittchen/ReactiveNetwork,apache/cordova-android,1
rest-assured/rest-assured,spring-projects/spring-data-examples,1
square/retrofit,square/sqlbrite,1
bumptech/glide,MinecraftForge/MinecraftForge,1
JakeWharton/ThreeTenABP,google/gson,1
mockito/mockito,crate/crate,1
google/gson,square/sqlbrite,1
bumptech/glide,TeamNewPipe/NewPipe,1
androidannotations/androidannotations,realm/realm-java,1
pedant/sweet-alert-dialog,lipangit/JiaoZiVideoPlayer,1
btraceio/btrace,apache/jmeter,1
square/leakcanary,google/gson,1
termux/termux-app,kabouzeid/Phonograph,1
MinecraftForge/MinecraftForge,netty/netty,1
daniulive/SmarterStreaming,lipangit/JiaoZiVideoPlayer,1
bazelbuild/bazel,google/gson,1
bazelbuild/bazel,square/javapoet,1
apache/kylin,apache/hive,1
json-path/JsonPath,JanusGraph/janusgraph,1
mockito/mockito,btraceio/btrace,1
Karumi/Dexter,futuresimple/android-floating-action-button,1
apache/beam,flyway/flyway,1
firebase/quickstart-android,googlesamples/android-testing,1
ctripcorp/apollo,spring-cloud/spring-cloud-netflix,1
vert-x3/vertx-examples,ReactiveX/RxJava,1
alibaba/canal,Activiti/Activiti,1
springfox/springfox,OpenRefine/OpenRefine,1
pmd/pmd,ben-manes/caffeine,1
JakeWharton/ThreeTenABP,trello/RxLifecycle,1
CalebFenton/simplify,ctripcorp/apollo,1
bumptech/glide,shwenzhang/AndResGuard,1
elastic/elasticsearch,testcontainers/testcontainers-java,1
uber/AutoDispose,facebook/buck,1
btraceio/btrace,koral--/android-gif-drawable,1
apache/cordova-android,crate/crate,1
square/javapoet,bazelbuild/bazel,1
square/dagger,bazelbuild/bazel,1
ethereum/ethereumj,apereo/cas,1
square/retrofit,square/leakcanary,1
airbnb/native-navigation,permissions-dispatcher/PermissionsDispatcher,1
yanzhenjie/SwipeRecyclerView,yanzhenjie/Album,1
elastic/elasticsearch,medcl/elasticsearch-analysis-ik,1
pwittchen/ReactiveNetwork,pushtorefresh/storio,1
Freeyourgadget/Gadgetbridge,zxing/zxing,1
crate/crate,apache/jmeter,1
huangyanbin/smartTable,CymChad/BaseRecyclerViewAdapterHelper,1
uber/AutoDispose,resilience4j/resilience4j,1
mockito/mockito,naver/pinpoint,1
google/ExoPlayer,google/gson,1
bumptech/glide,JakeWharton/butterknife,1
davideas/FlexibleAdapter,tbruyelle/RxPermissions,1
apache/hive,apache/lucene-solr,1
zxing/zxing,apache/cordova-android,1
LuckSiege/PictureSelector,scwang90/SmartRefreshLayout,1
apache/jmeter,apache/hive,1
pushtorefresh/storio,koral--/android-gif-drawable,1
apache/jmeter,apache/kylin,1
eclipse/jetty.project,SeleniumHQ/selenium,1
uber/AutoDispose,JakeWharton/butterknife,1
CalebFenton/simplify,apache/incubator-skywalking,1
alibaba/canal,Graylog2/graylog2-server,1
FasterXML/jackson-databind,hibernate/hibernate-orm,1
apache/cordova-android,naver/pinpoint,1
square/tape,square/retrofit,1
spring-projects/spring-data-examples,tomakehurst/wiremock,1
lingochamp/FileDownloader,jeasonlzy/okhttp-OkGo,1
reactive-streams/reactive-streams-jvm,ReactiveX/RxJava,1
googlesamples/easypermissions,square/okhttp,1
crazycodeboy/react-native-splash-screen,DylanVann/react-native-fast-image,1
puniverse/quasar,google/gson,1
uber/AutoDispose,alibaba/atlas,1
resilience4j/resilience4j,ReactiveX/RxJava,1
alibaba/druid,apereo/cas,1
perwendel/spark,gocd/gocd,1
PhilJay/MPAndroidChart,aurelhubert/ahbottomnavigation,1
Netflix/zuul,Netflix/archaius,1
goldze/MVVMHabit,orhanobut/logger,1
mikepenz/AboutLibraries,mikepenz/MaterialDrawer,1
skylot/jadx,springfox/springfox,1
apache/zookeeper,weibocom/motan,1
google/auto,junit-team/junit5,1
ReactiveX/RxAndroid,square/picasso,1
mockito/mockito,cglib/cglib,1
ctripcorp/apollo,mockito/mockito,1
alibaba/jvm-sandbox,Activiti/Activiti,1
apache/ignite,apache/zeppelin,1
JakeWharton/RxRelay,bluelinelabs/Conductor,1
apache/zeppelin,h2oai/h2o-3,1
crazycodeboy/TakePhoto,zhihu/Matisse,1
google/closure-compiler,bazelbuild/bazel,1
spring-projects/spring-data-examples,spring-cloud/spring-cloud-netflix,1
JakeWharton/butterknife,grpc/grpc-java,1
ReactiveX/RxJava,lettuce-io/lettuce-core,1
grpc/grpc-java,openzipkin/zipkin,1
Graylog2/graylog2-server,Activiti/Activiti,1
google/gson,googlesamples/easypermissions,1
ctripcorp/apollo,alibaba/canal,1
guardianproject/haven,reactor/reactor-core,1
Justson/AgentWeb,YoKeyword/Fragmentation,1
alibaba/druid,square/retrofit,1
scwang90/SmartRefreshLayout,H07000223/FlycoTabLayout,1
Karumi/Dexter,jgilfelt/chuck,1
square/picasso,google/auto,1
square/picasso,ReactiveX/RxAndroid,1
yanzhenjie/SwipeRecyclerView,CymChad/BaseRecyclerViewAdapterHelper,1
json-path/JsonPath,pmd/pmd,1
TeamNewPipe/NewPipe,wasabeef/glide-transformations,1
google/ExoPlayer,mikepenz/FastAdapter,1
mybatis/mybatis-3,mybatis/spring-boot-starter,1
elastic/elasticsearch,hankcs/HanLP,1
yipianfengye/android-zxingLibrary,CymChad/BaseRecyclerViewAdapterHelper,1
uber/AutoDispose,MinecraftForge/MinecraftForge,1
Tencent/GT,lovetuzitong/MultiImageSelector,1
netty/netty,mrniko/netty-socketio,1
querydsl/querydsl,alibaba/druid,1
google/gson,square/tape,1
apache/jmeter,spring-cloud/spring-cloud-netflix,1
koral--/android-gif-drawable,mockito/mockito,1
springfox/springfox,web3j/web3j,1
mikepenz/FastAdapter,PhilJay/MPAndroidChart,1
pwittchen/ReactiveNetwork,koral--/android-gif-drawable,1
LMAX-Exchange/disruptor,dianping/cat,1
square/okhttp,JakeWharton/ThreeTenABP,1
googlesamples/easypermissions,google/gson,1
alibaba/ARouter,alibaba/atlas,1
google/gson,JakeWharton/timber,1
CymChad/BaseRecyclerViewAdapterHelper,yhaolpz/FloatWindow,1
Alluxio/alluxio,apache/hive,1
lettuce-io/lettuce-core,web3j/web3j,1
ctripcorp/apollo,spotify/helios,1
LWJGL/lwjgl3,libgdx/libgdx,1
alibaba/druid,alibaba/ARouter,1
apereo/cas,NanoHttpd/nanohttpd,1
apache/flink,apache/rocketmq,1
resilience4j/resilience4j,apache/flink,1
apache/hive,Alluxio/alluxio,1
Jasonchenlijian/FastBle,crazycodeboy/TakePhoto,1
square/javapoet,square/tape,1
springfox/springfox,swagger-api/swagger-core,1
JohnPersano/SuperToasts,davideas/FlexibleAdapter,1
mockito/mockito,apache/cordova-android,1
square/moshi,facebook/stetho,1
googlesamples/easypermissions,google/guice,1
zxing/zxing,amirzaidi/Launcher3,1
FasterXML/jackson-databind,aurelhubert/ahbottomnavigation,1
bytedeco/javacv,WritingMinds/ffmpeg-android-java,1
elastic/elasticsearch,apache/flink,1
eclipse/jetty.project,grpc/grpc-java,1
yanzhenjie/SwipeRecyclerView,square/javapoet,1
apache/kylin,apache/groovy,1
thingsboard/thingsboard,alibaba/atlas,1
eishay/jvm-serializers,FasterXML/jackson-databind,1
bazelbuild/bazel,googlemaps/android-maps-utils,1
sockeqwe/AdapterDelegates,sockeqwe/mosby,1
spring-projects/spring-boot,raphw/byte-buddy,1
wasabeef/glide-transformations,TeamNewPipe/NewPipe,1
square/retrofit,JakeWharton/timber,1
spring-cloud/spring-cloud-netflix,pushtorefresh/storio,1
SeleniumHQ/selenium,facebook/buck,1
googlesamples/easypermissions,googlesamples/google-services,1
googlemaps/android-maps-utils,google/gson,1
ReactiveX/RxJava,realm/realm-java,1
ChadCSong/ShineButton,willowtreeapps/spruce-android,1
pmd/pmd,json-path/JsonPath,1
firebase/quickstart-android,google/guice,1
google/auto,square/leakcanary,1
cglib/cglib,mockito/mockito,1
facebook/litho,bumptech/glide,1
dropwizard/dropwizard,graphql-java/graphql-java,1
alibaba/atlas,alibaba/fastjson,1
alibaba/druid,Activiti/Activiti,1
ReactiveX/RxJava,JakeWharton/RxRelay,1
TeamNewPipe/NewPipe,bumptech/glide,1
sparklemotion/nokogiri,junit-team/junit5,1
material-components/material-components-android,realm/realm-java,1
brettwooldridge/HikariCP,Activiti/Activiti,1
reactor/reactor-core,spring-projects/spring-petclinic,1
LuckSiege/PictureSelector,crazycodeboy/TakePhoto,1
zxing/zxing,apache/jmeter,1
spring-projects/spring-data-examples,spring-projects/spring-framework,1
lingochamp/FileDownloader,razerdp/BasePopup,1
apache/tomcat,apache/hive,1
ReactiveX/RxAndroid,square/okhttp,1
square/javapoet,google/guava,1
aws/aws-sdk-java,codecentric/spring-boot-admin,1
Blankj/awesome-java-leetcode,Blankj/AndroidUtilCode,1
lygttpod/SuperTextView,alibaba/vlayout,1
btraceio/btrace,spotify/helios,1
pushtorefresh/storio,btraceio/btrace,1
facebook/litho,react-native-community/react-native-video,1
dropwizard/dropwizard,Netflix/eureka,1
apache/zookeeper,apache/jmeter,1
apache/rocketmq,ethereum/ethereumj,1
luojilab/DDComponentForAndroid,scwang90/SmartRefreshLayout,1
pmd/pmd,JakeWharton/butterknife,1
apache/ignite,apache/flink,1
apache/rocketmq,apache/incubator-skywalking,1
pmd/pmd,netty/netty,1
spring-projects/spring-data-examples,querydsl/querydsl,1
googlemaps/android-maps-utils,google/guice,1
pwittchen/ReactiveNetwork,naver/pinpoint,1
spring-projects/spring-petclinic,reactor/reactor-core,1
razerdp/BasePopup,CarGuo/GSYVideoPlayer,1
prestodb/presto,facebook/litho,1
apache/storm,apache/groovy,1
rzwitserloot/lombok,apache/beam,1
mikepenz/FastAdapter,google/ExoPlayer,1
pushtorefresh/storio,zxing/zxing,1
apache/zookeeper,apache/kylin,1
apache/zeppelin,apache/hive,1
apache/cordova-android,pwittchen/ReactiveNetwork,1
flyway/flyway,Activiti/Activiti,1
googlemaps/android-maps-utils,firebase/quickstart-android,1
lettuce-io/lettuce-core,spockframework/spock,1
spotify/helios,ctripcorp/apollo,1
googlemaps/android-maps-utils,googlesamples/android-testing,1
facebook/buck,uber/AutoDispose,1
H07000223/FlycoTabLayout,scwang90/SmartRefreshLayout,1
nostra13/Android-Universal-Image-Loader,square/retrofit,1
google/guice,cglib/cglib,1
apache/zookeeper,apache/lucene-solr,1
JakeWharton/RxRelay,realm/realm-java,1
raphw/byte-buddy,cglib/cglib,1
brettwooldridge/HikariCP,springfox/springfox,1
zxing/zxing,ctripcorp/apollo,1
square/retrofit,gotev/android-upload-service,1
CymChad/BaseRecyclerViewAdapterHelper,chrisjenx/Calligraphy,1
rengwuxian/MaterialEditText,JakeWharton/butterknife,1
MinecraftForge/MinecraftForge,alibaba/canal,1
facebook/litho,ReactiveX/RxJava,1
googlesamples/easypermissions,bumptech/glide,1
prontera/spring-cloud-rest-tcc,apache/incubator-skywalking,1
ReactiveX/RxJava,JakeWharton/ThreeTenABP,1
TeamNewPipe/NewPipe,termux/termux-app,1
zxing/zxing,koral--/android-gif-drawable,1
mockito/mockito,spotify/helios,1
JakeWharton/butterknife,material-components/material-components-android,1
apache/flink,apache/storm,1
asLody/VirtualApp,didi/VirtualAPK,1
prestodb/presto,facebook/fresco,1
realm/realm-java,davideas/FlexibleAdapter,1
apache/rocketmq,naver/pinpoint,1
apache/jmeter,apache/zookeeper,1
yanzhenjie/Album,yanzhenjie/SwipeRecyclerView,1
oblac/jodd,junit-team/junit5,1
Graylog2/graylog2-server,alibaba/atlas,1
ctripcorp/apollo,CalebFenton/simplify,1
aurelhubert/ahbottomnavigation,FasterXML/jackson-databind,1
zhihu/Matisse,crazycodeboy/TakePhoto,1
thingsboard/thingsboard,Graylog2/graylog2-server,1
futuresimple/android-floating-action-button,jgilfelt/chuck,1
lovetuzitong/MultiImageSelector,Tencent/GT,1
apache/zeppelin,apache/jmeter,1
square/okhttp,square/tape,1
googlesamples/android-testing,firebase/quickstart-android,1
square/sqlbrite,JakeWharton/timber,1
ReactiveX/RxJava,facebook/litho,1
apache/zeppelin,apache/kylin,1
pmd/pmd,spring-projects/spring-boot,1
google/auto,googlemaps/android-maps-utils,1
square/retrofit,alibaba/druid,1
square/okhttp,material-components/material-components-android,1
airbnb/lottie-android,wasabeef/glide-transformations,1
lipangit/JiaoZiVideoPlayer,YoKeyword/Fragmentation,1
square/okhttp,google/guice,1
material-components/material-components-android,uber/AutoDispose,1
apache/tomcat,apache/zeppelin,1
alibaba/druid,alibaba/atlas,1
CalebFenton/simplify,skylot/jadx,1
reactive-streams/reactive-streams-jvm,resilience4j/resilience4j,1
realm/realm-java,square/okhttp,1
google/auto,JakeWharton/timber,1
JakeWharton/ThreeTenABP,square/retrofit,1
apache/cordova-android,spring-cloud/spring-cloud-netflix,1
JakeWharton/timber,square/retrofit,1
oracle/graal,signalapp/Signal-Android,1
JakeWharton/butterknife,google/gson,1
Konloch/bytecode-viewer,yanzhenjie/NoHttp,1
Tencent/tinker,CymChad/BaseRecyclerViewAdapterHelper,1
ACRA/acra,greenrobot/EventBus,1
jfoenixadmin/JFoenix,AsyncHttpClient/async-http-client,1
Netflix/archaius,Netflix/Hystrix,1
reactor/reactor-core,rabbitmq/rabbitmq-tutorials,1
alibaba/druid,Graylog2/graylog2-server,1
junit-team/junit5,vert-x3/vertx-examples,1
spring-projects/spring-data-examples,keycloak/keycloak,1
facebook/facebook-android-sdk,facebook/buck,1
ReactiveX/RxJava,vert-x3/vertx-examples,1
Netflix/Hystrix,dropwizard/dropwizard,1
MindorksOpenSource/android-mvp-architecture,MindorksOpenSource/android-interview-questions,1
Activiti/Activiti,brettwooldridge/HikariCP,1
apache/kylin,apache/flink,1
apache/cordova-android,zxing/zxing,1
JakeWharton/butterknife,rengwuxian/MaterialEditText,1
nostra13/Android-Universal-Image-Loader,google/ExoPlayer,1
Activiti/Activiti,alibaba/druid,1
lingochamp/FileDownloader,baoyongzhang/SwipeMenuListView,1
jOOQ/jOOQ,spring-projects/spring-boot,1
material-components/material-components-android,googlesamples/easypermissions,1
square/moshi,ReactiveX/RxAndroid,1
firebase/quickstart-android,google/guava,1
square/leakcanary,JakeWharton/ThreeTenABP,1
facebook/litho,facebook/react-native-fbsdk,1
skylot/jadx,MinecraftForge/MinecraftForge,1
bluelinelabs/Conductor,realm/realm-java,1
google/ExoPlayer,TakuSemba/Spotlight,1
apache/ignite,apache/kylin,1
yanzhenjie/NoHttp,square/javapoet,1
objectbox/objectbox-java,zxing/zxing,1
bazelbuild/bazel,google/closure-compiler,1
jeasonlzy/okhttp-OkGo,scwang90/SmartRefreshLayout,1
firebase/quickstart-android,zo0r/react-native-push-notification,1
apache/hive,prestodb/presto,1
zxing/zxing,pushtorefresh/storio,1
flyway/flyway,dropwizard/metrics,1
mockito/mockito,spring-projects/spring-boot,1
amirzaidi/Launcher3,Freeyourgadget/Gadgetbridge,1
TakuSemba/Spotlight,google/ExoPlayer,1
googlesamples/android-testing,bazelbuild/bazel,1
facebook/litho,bazelbuild/bazel,1
NanoHttpd/nanohttpd,apereo/cas,1
MindorksOpenSource/android-interview-questions,FasterXML/jackson-databind,1
codecentric/spring-boot-admin,ethereum/ethereumj,1
CymChad/BaseRecyclerViewAdapterHelper,Tencent/VasSonic,1
ReactiveX/RxJava,square/tape,1
gotev/android-upload-service,square/retrofit,1
amitshekhariitbhu/Android-Debug-Database,MindorksOpenSource/android-mvp-architecture,1
square/tape,google/gson,1
netty/netty,floragunncom/search-guard,1
btraceio/btrace,apache/cordova-android,1
dropwizard/metrics,resilience4j/resilience4j,1
weibocom/motan,netty/netty,1
pushtorefresh/storio,mockito/mockito,1
google/guava,ben-manes/caffeine,1
reactor/reactor-core,uber/AutoDispose,1
brettwooldridge/HikariCP,oblac/jodd,1
oblac/jodd,Activiti/Activiti,1
resilience4j/resilience4j,codecentric/spring-boot-admin,1
pmd/pmd,google/guava,1
thingsboard/thingsboard,alibaba/ARouter,1
bazelbuild/bazel,square/dagger,1
facebook/fresco,facebook/react-native-fbsdk,1
vert-x3/vertx-examples,junit-team/junit5,1
JakeWharton/butterknife,square/retrofit,1
google/guava,json-path/JsonPath,1
realm/realm-java,androidannotations/androidannotations,1
redisson/redisson,weibocom/motan,1
XRecyclerView/XRecyclerView,wyouflf/xUtils3,1
raphw/byte-buddy,rzwitserloot/lombok,1
chrisjenx/Calligraphy,CymChad/BaseRecyclerViewAdapterHelper,1
alibaba/ARouter,luckybilly/CC,1
uber/AutoDispose,alibaba/ARouter,1
openzipkin/zipkin,apache/incubator-skywalking,1
spotify/helios,crate/crate,1
Marswin/MarsDaemon,objectbox/objectbox-java,1
ethereum/ethereumj,apache/rocketmq,1
raphw/byte-buddy,MinecraftForge/MinecraftForge,1
termux/termux-app,TeamNewPipe/NewPipe,1
CarGuo/GSYVideoPlayer,razerdp/BasePopup,1
JakeWharton/butterknife,square/leakcanary,1
lettuce-io/lettuce-core,Activiti/Activiti,1
square/retrofit,ReactiveX/RxAndroid,1
ReactiveX/RxJava,oblac/jodd,1
alibaba/druid,apache/incubator-skywalking,1
reactor/reactor-core,vavr-io/vavr,1
ReactiveX/RxJava,junit-team/junit5,1
netty/netty,google/gson,1
izzyleung/ZhihuDailyPurify,bazelbuild/bazel,1
square/tape,square/javapoet,1
junit-team/junit5,skylot/jadx,1
tomakehurst/wiremock,rest-assured/rest-assured,1
junit-team/junit5,ReactiveX/RxJava,1
material-components/material-components-android,bumptech/glide,1
alibaba/druid,alibaba/jvm-sandbox,1
swagger-api/swagger-core,mockito/mockito,1
jeasonlzy/okhttp-OkGo,zhihu/Matisse,1
CymChad/BaseRecyclerViewAdapterHelper,LuckSiege/PictureSelector,1
alibaba/fastjson,querydsl/querydsl,1
facebook/buck,facebook/react-native-fbsdk,1
spring-projects/spring-petclinic,spring-projects/spring-framework,1
Tencent/tinker,shwenzhang/AndResGuard,1
Netflix/Hystrix,Netflix/ribbon,1
pmd/pmd,javaee-samples/javaee7-samples,1
Activiti/Activiti,uber/AutoDispose,1
square/retrofit,nostra13/Android-Universal-Image-Loader,1
google/ExoPlayer,apache/hive,1
google/auto,google/ExoPlayer,1
ReactiveX/RxAndroid,bumptech/glide,1
square/dagger,google/guava,1
JakeWharton/timber,facebook/stetho,1
spring-cloud/spring-cloud-netflix,naver/pinpoint,1
apache/incubator-skywalking,spring-cloud/spring-cloud-netflix,1
facebook/stetho,objectbox/objectbox-java,1
bumptech/glide,google/ExoPlayer,1
square/moshi,square/tape,1
alibaba/ARouter,alibaba/fastjson,1
xuxueli/xxl-job,alibaba/jvm-sandbox,1
alibaba/atlas,alibaba/druid,1
Graylog2/graylog2-server,apereo/cas,1
ethereum/ethereumj,ctripcorp/apollo,1
mrniko/netty-socketio,redisson/redisson,1
square/picasso,square/javapoet,1
MindorksOpenSource/android-interview-questions,MindorksOpenSource/android-mvp-architecture,1
alibaba/atlas,Graylog2/graylog2-server,1
naver/pinpoint,koral--/android-gif-drawable,1
springfox/springfox,brettwooldridge/HikariCP,1
cglib/cglib,spring-projects/spring-framework,1
ChrisRM/material-theme-jetbrains,crazyandcoder/citypicker,1
JessYanCoding/ProgressManager,Bigkoo/Android-PickerView,1
google/guava,google/closure-compiler,1
apache/flink,OpenRefine/OpenRefine,1
apache/jmeter,zxing/zxing,1
google/guava,pmd/pmd,1
apache/ignite,apache/hive,1
JakeWharton/timber,square/tape,1
google/guava,skylot/jadx,1
apache/kafka,apache/kylin,1
google/guice,ben-manes/caffeine,1
apache/jmeter,apache/cordova-android,1
netty/netty,h2oai/h2o-3,1
ACRA/acra,evernote/android-job,1
DroidPluginTeam/DroidPlugin,didi/VirtualAPK,1
uber/AutoDispose,material-components/material-components-android,1
guolindev/booksource,LitePalFramework/LitePal,1
google/gson,firebase/quickstart-android,1
thingsboard/thingsboard,alibaba/druid,1
google/guava,JanusGraph/janusgraph,1
apereo/cas,CalebFenton/simplify,1
jgilfelt/chuck,futuresimple/android-floating-action-button,1
Graylog2/graylog2-server,alibaba/fastjson,1
jgilfelt/chuck,aurelhubert/ahbottomnavigation,1
pushtorefresh/storio,apache/cordova-android,1
brettwooldridge/HikariCP,spring-projects/spring-boot,1
bumptech/glide,ReactiveX/RxAndroid,1
OpenRefine/OpenRefine,Activiti/Activiti,1
apereo/cas,ethereum/ethereumj,1
aa112901/remusic,laobie/StatusBarUtil,1
FasterXML/jackson-databind,PhilJay/MPAndroidChart,1
flyway/flyway,thingsboard/thingsboard,1
netty/netty,eirslett/frontend-maven-plugin,1
google/guice,square/okhttp,1
MinecraftForge/MinecraftForge,skylot/jadx,1
WritingMinds/ffmpeg-android-java,google/ExoPlayer,1
medcl/elasticsearch-analysis-ik,elastic/elasticsearch,1
spring-projects/spring-framework,oblac/jodd,1
ReactiveX/RxJava,google/gson,1
koral--/android-gif-drawable,pushtorefresh/storio,1
jdsjlzx/LRecyclerView,XRecyclerView/XRecyclerView,1
YoKeyword/Fragmentation,crazycodeboy/TakePhoto,1
zaproxy/zaproxy,SeleniumHQ/selenium,1
requery/requery,owncloud/android,1
ReactiveX/RxAndroid,google/auto,1
alibaba/druid,flyway/flyway,1
brettwooldridge/HikariCP,netty/netty,1
koral--/android-gif-drawable,spring-cloud/spring-cloud-netflix,1
apache/groovy,apache/zeppelin,1
apache/jmeter,mockito/mockito,1
rabbitmq/rabbitmq-tutorials,spring-projects/spring-boot,1
facebook/facebook-android-sdk,react-native-community/react-native-svg,1
eugenp/tutorials,eirslett/frontend-maven-plugin,1
gongwen/MarqueeViewLibrary,permissions-dispatcher/PermissionsDispatcher,1
square/okhttp,square/sqlbrite,1
mockito/mockito,junit-team/junit4,1
asLody/VirtualApp,DroidPluginTeam/DroidPlugin,1
keycloak/keycloak,confluentinc/ksql,1
TommyLemon/Android-ZBLibrary,TommyLemon/APIJSON,1
Justson/AgentWeb,crazycodeboy/TakePhoto,1
apache/zookeeper,apache/ignite,1
square/picasso,JakeWharton/timber,1
ethereum/ethereumj,NanoHttpd/nanohttpd,1
cSploit/android,ThirtyDegreesRay/OpenHub,1
square/moshi,ReactiveX/RxJava,1
apache/flink,apache/zeppelin,1
yanzhenjie/AndPermission,florent37/MaterialViewPager,1
scwang90/SmartRefreshLayout,TommyLemon/Android-ZBLibrary,1
alibaba/fastjson,uber/AutoDispose,1
xetorthio/jedis,aws/aws-sdk-java,1
AsyncHttpClient/async-http-client,oblac/jodd,1
rabbitmq/rabbitmq-tutorials,spring-projects/spring-petclinic,1
pwittchen/ReactiveNetwork,zxing/zxing,1
netty/netty,testcontainers/testcontainers-java,1
alibaba/ARouter,apereo/cas,1
spring-projects/spring-data-examples,rabbitmq/rabbitmq-tutorials,1
CymChad/BaseRecyclerViewAdapterHelper,didi/VirtualAPK,1
google/guice,googlesamples/android-testing,1
apache/zookeeper,apache/tomcat,1
apache/storm,apache/ignite,1
thingsboard/thingsboard,apereo/cas,1
eugenp/tutorials,square/okhttp,1
square/tape,JakeWharton/ThreeTenABP,1
thingsboard/thingsboard,uber/AutoDispose,1
zhihu/Matisse,yanzhenjie/Album,1
lets-blade/blade,TechEmpower/FrameworkBenchmarks,1
ReactiveX/RxAndroid,square/sqlbrite,1
google/guava,spring-projects/spring-boot,1
CymChad/BaseRecyclerViewAdapterHelper,WVector/AppUpdate,1
apache/cordova-android,mockito/mockito,1
ReactiveX/RxJava,resilience4j/resilience4j,1
ReactiveX/RxAndroid,square/leakcanary,1
google/closure-compiler,google/guice,1
apache/flink,apache/kylin,1
koral--/android-gif-drawable,btraceio/btrace,1
SeleniumHQ/selenium,bazelbuild/bazel,1
elastic/elasticsearch,OpenRefine/OpenRefine,1
elastic/elasticsearch,jOOQ/jOOQ,1
PhilJay/MPAndroidChart,MindorksOpenSource/android-interview-questions,1
spockframework/spock,pmd/pmd,1
MinecraftForge/MinecraftForge,google/guice,1
brettwooldridge/HikariCP,undertow-io/undertow,1
alibaba/ARouter,alibaba/jvm-sandbox,1
hibernate/hibernate-orm,FasterXML/jackson-databind,1
square/tape,google/auto,1
koral--/android-gif-drawable,pwittchen/ReactiveNetwork,1
yanzhenjie/NoHttp,shwenzhang/AndResGuard,1
google/guice,reactor/reactor-core,1
skylot/jadx,google/guava,1
junit-team/junit5,powermock/powermock,1
apereo/cas,alibaba/atlas,1
requery/requery,trello/RxLifecycle,1
MinecraftForge/MinecraftForge,alibaba/ARouter,1
OpenRefine/OpenRefine,apereo/cas,1
apache/incubator-skywalking,CalebFenton/simplify,1
WVector/AppUpdate,scwang90/SmartRefreshLayout,1
crate/crate,ctripcorp/apollo,1
pmd/pmd,google/guice,1
jersey/jersey,swagger-api/swagger-core,1
wix/react-native-navigation,facebook/buck,1
yanzhenjie/AndPermission,yanzhenjie/NoHttp,1
JakeWharton/ThreeTenABP,bumptech/glide,1
PhilJay/MPAndroidChart,prolificinteractive/material-calendarview,1
facebook/react-native-fbsdk,facebook/litho,1
alibaba/jstorm,weibocom/motan,1
koral--/android-gif-drawable,apache/jmeter,1
ctripcorp/apollo,apereo/cas,1
junit-team/junit5,web3j/web3j,1
firebase/quickstart-android,mikepenz/MaterialDrawer,1
cymcsg/UltimateRecyclerView,square/okhttp,1
ReactiveX/RxAndroid,square/retrofit,1
neo4j/neo4j,apache/kafka,1
bumptech/glide,koral--/android-gif-drawable,1
facebook/react-native-fbsdk,facebook/buck,1
vavr-io/vavr,immutables/immutables,1
Activiti/Activiti,web3j/web3j,1
libgdx/libgdx,daimajia/AndroidSwipeLayout,1
square/okhttp,JodaOrg/joda-time,1
YoKeyword/Fragmentation,lipangit/JiaoZiVideoPlayer,1
naver/pinpoint,crate/crate,1
spockframework/spock,skylot/jadx,1
koral--/android-gif-drawable,reactor/reactor-core,1
alibaba/fastjson,ctripcorp/apollo,1
ReactiveX/RxAndroid,JakeWharton/butterknife,1
facebook/stetho,square/moshi,1
powermock/powermock,junit-team/junit5,1
shwenzhang/AndResGuard,Tencent/tinker,1
alibaba/ARouter,alibaba/druid,1
dbeaver/dbeaver,languagetool-org/languagetool,1
web3j/web3j,springfox/springfox,1
daimajia/AndroidSwipeLayout,libgdx/libgdx,1
floragunncom/search-guard,netty/netty,1
naver/pinpoint,pwittchen/ReactiveNetwork,1
google/auto,square/tape,1
spring-cloud/spring-cloud-netflix,apache/incubator-skywalking,1
aurelhubert/ahbottomnavigation,Karumi/Dexter,1
sherxon/AlgoDS,TheAlgorithms/Java,1
square/javapoet,square/sqlbrite,1
bumptech/glide,wasabeef/glide-transformations,1
jdsjlzx/LRecyclerView,H07000223/FlycoTabLayout,1
wix/react-native-navigation,react-native-community/react-native-svg,1
grpc/grpc-java,SeleniumHQ/selenium,1
pmd/pmd,bumptech/glide,1
square/tape,JakeWharton/butterknife,1
spring-projects/spring-boot,eirslett/frontend-maven-plugin,1
oblac/jodd,AsyncHttpClient/async-http-client,1
eclipse/jetty.project,antlr/antlr4,1
grpc/grpc-java,ReactiveX/RxJava,1
mockito/mockito,openzipkin/zipkin,1
zo0r/react-native-push-notification,firebase/quickstart-android,1
resilience4j/resilience4j,CalebFenton/simplify,1
naver/pinpoint,spring-cloud/spring-cloud-netflix,1
resilience4j/resilience4j,apache/rocketmq,1
ben-manes/caffeine,json-path/JsonPath,1
lipangit/JiaoZiVideoPlayer,pili-engineering/PLDroidPlayer,1
zhihu/Matisse,realm/realm-java,1
querydsl/querydsl,alibaba/fastjson,1
zxing/zxing,Freeyourgadget/Gadgetbridge,1
googlemaps/android-maps-utils,google/guava,1
wix/react-native-navigation,JoanZapata/android-pdfview,1
google/guice,netty/netty,1
vavr-io/vavr,springfox/springfox,1
apache/beam,rzwitserloot/lombok,1
redisson/redisson,ltsopensource/light-task-scheduler,1
google/gson,puniverse/quasar,1
netty/netty,bazelbuild/bazel,1
alibaba/atlas,uber/AutoDispose,1
apache/rocketmq,codecentric/spring-boot-admin,1
lettuce-io/lettuce-core,ReactiveX/RxJava,1
uber/AutoDispose,alibaba/druid,1
NanoHttpd/nanohttpd,apache/rocketmq,1
signalapp/Signal-Android,oracle/graal,1
dropwizard/dropwizard,raphw/byte-buddy,1
apache/kafka,neo4j/neo4j,1
SeleniumHQ/selenium,Curzibn/Luban,1
apache/hadoop,apache/zeppelin,1
facebook/react-native-fbsdk,wix/react-native-navigation,1
apache/tomcat,apache/flink,1
ctripcorp/apollo,alibaba/fastjson,1
Justson/AgentWeb,JakeWharton/butterknife,1
MinecraftForge/MinecraftForge,raphw/byte-buddy,1
square/okhttp,realm/realm-java,1
google/ExoPlayer,google/guava,1
zxing/zxing,spring-cloud/spring-cloud-netflix,1
junit-team/junit5,lettuce-io/lettuce-core,1
wdullaer/MaterialDateTimePicker,JessYanCoding/MVPArms,1
apereo/cas,apache/incubator-skywalking,1
AigeStudio/WheelPicker,LuckSiege/PictureSelector,1
apache/zeppelin,apache/tomcat,1
rzwitserloot/lombok,raphw/byte-buddy,1
facebook/stetho,aosp-mirror/platform_frameworks_base,1
h2oai/h2o-3,netty/netty,1
TechEmpower/FrameworkBenchmarks,FasterXML/jackson-databind,1
thingsboard/thingsboard,Activiti/Activiti,1
google/gson,elastic/elasticsearch,1
ReactiveX/RxJava,google/guava,1
google/closure-compiler,google/guava,1
H07000223/FlycoTabLayout,razerdp/BasePopup,1
apache/zeppelin,apache/flink,1
JakeWharton/timber,aosp-mirror/platform_frameworks_base,1
junit-team/junit5,sparklemotion/nokogiri,1
web3j/web3j,graphql-java/graphql-java,1
querydsl/querydsl,spring-cloud/spring-cloud-netflix,1
netty/netty,vert-x3/vertx-examples,1
googlesamples/google-services,googlesamples/easypermissions,1
bazelbuild/bazel,netty/netty,1
lipangit/JiaoZiVideoPlayer,bumptech/glide,1
chennaione/sugar,objectbox/objectbox-java,1
MinecraftForge/MinecraftForge,thingsboard/thingsboard,1
ethereum/ethereumj,codecentric/spring-boot-admin,1
Blankj/AndroidUtilCode,Blankj/awesome-java-leetcode,1
alibaba/fastjson,scwang90/SmartRefreshLayout,1
square/sqlbrite,square/picasso,1
CalebFenton/simplify,apache/flink,1
ReactiveX/RxAndroid,square/javapoet,1
apache/zookeeper,apache/zeppelin,1
apache/rocketmq,apache/flink,1
netty/netty,vavr-io/vavr,1
chrisbanes/PhotoView,bm-x/PhotoView,1
robinhood/ticker,square/retrofit,1
mockito/mockito,powermock/powermock,1
java-native-access/jna,google/guava,1
lzyzsd/JsBridge,arcadefire/nice-spinner,1
davideas/FlexibleAdapter,evernote/android-job,1
apache/hive,apache/kylin,1
naver/pinpoint,zxing/zxing,1
flyway/flyway,uber/AutoDispose,1
prestodb/presto,alibaba/druid,1
Meituan-Dianping/Robust,CymChad/BaseRecyclerViewAdapterHelper,1
junit-team/junit5,bazelbuild/bazel,1
jeasonlzy/okhttp-OkGo,lingochamp/FileDownloader,1
yanzhenjie/NoHttp,yanzhenjie/SwipeRecyclerView,1
square/javapoet,google/guice,1
web3j/web3j,skylot/jadx,1
google/auto,square/retrofit,1
spring-projects/spring-framework,apache/jmeter,1
googlesamples/android-testing,google/guava,1
iBotPeaches/Apktool,Screetsec/TheFatRat,1
FasterXML/jackson-databind,scribejava/scribejava,1
facebook/buck,bazelbuild/bazel,1
alibaba/ARouter,mzule/ActivityRouter,1
MinecraftForge/MinecraftForge,Graylog2/graylog2-server,1
reactor/reactor-core,pwittchen/ReactiveNetwork,1
bazelbuild/bazel,googlesamples/android-testing,1
prestodb/presto,aws/aws-sdk-java,1
confluentinc/ksql,apache/flink,1
square/dagger,google/guice,1
junit-team/junit5,brettwooldridge/HikariCP,1
alibaba/jvm-sandbox,abel533/Mapper,1
junit-team/junit4,junit-team/junit5,1
LuckSiege/PictureSelector,AigeStudio/WheelPicker,1
yanzhenjie/NoHttp,yanzhenjie/Album,1
spring-projects/spring-boot,MinecraftForge/MinecraftForge,1
apache/kafka,apache/hive,1
elastic/elasticsearch,apache/kafka,1
square/okhttp,eugenp/tutorials,1
pushtorefresh/storio,crate/crate,1
alibaba/jvm-sandbox,flyway/flyway,1
openzipkin/zipkin,grpc/grpc-java,1
square/moshi,google/auto,1
googlesamples/easypermissions,google/guava,1
google/auto,ReactiveX/RxJava,1
googlesamples/easypermissions,google/auto,1
Graylog2/graylog2-server,flyway/flyway,1
square/leakcanary,square/retrofit,1
googlemaps/android-maps-utils,google/ExoPlayer,1
brettwooldridge/HikariCP,spockframework/spock,1
lygttpod/SuperTextView,youth5201314/banner,1
ACRA/acra,bumptech/glide,1
wasabeef/glide-transformations,airbnb/lottie-android,1
ben-manes/caffeine,pmd/pmd,1
apereo/cas,alibaba/druid,1
stfalcon-studio/ChatKit,fanrunqi/MaterialLogin,1
netty/netty,MinecraftForge/MinecraftForge,1
apache/jmeter,spotify/helios,1
oracle/opengrok,oracle/graal,1
dropwizard/dropwizard,Graylog2/graylog2-server,1
bazelbuild/bazel,SeleniumHQ/selenium,1
lettuce-io/lettuce-core,querydsl/querydsl,1
google/closure-compiler,firebase/quickstart-android,1
spring-projects/spring-framework,codecentric/spring-boot-admin,1
apache/incubator-skywalking,codecentric/spring-boot-admin,1
Netflix/eureka,Netflix/ribbon,1
SeleniumHQ/selenium,eclipse/jetty.project,1
skylot/jadx,lettuce-io/lettuce-core,1
TommyLemon/Android-ZBLibrary,scwang90/SmartRefreshLayout,1
crate/crate,koral--/android-gif-drawable,1
spockframework/spock,jersey/jersey,1
apache/flink,apache/jmeter,1
reactor/reactor-core,guardianproject/haven,1
baoyongzhang/SwipeMenuListView,lingochamp/FileDownloader,1
alibaba/atlas,alibaba/canal,1
skylot/jadx,google/gson,1
luojilab/DDComponentForAndroid,JessYanCoding/MVPArms,1
square/retrofit,google/auto,1
bumptech/glide,googlesamples/easypermissions,1
apache/groovy,apache/hive,1
googlemaps/android-maps-utils,googlesamples/easypermissions,1
spockframework/spock,brettwooldridge/HikariCP,1
facebook/buck,facebook/facebook-android-sdk,1
skylot/jadx,CalebFenton/simplify,1
apache/storm,apache/lucene-solr,1
apache/cordova-android,apache/jmeter,1
tomakehurst/wiremock,spring-projects/spring-data-examples,1
bytedeco/javacv,ReactiveX/RxJava,1
scwang90/SmartRefreshLayout,square/okhttp,1
jOOQ/jOOQ,elastic/elasticsearch,1
ReactiveX/RxJava,skylot/jadx,1
MindorksOpenSource/android-interview-questions,amitshekhariitbhu/Android-Debug-Database,1
google/guice,firebase/quickstart-android,1
google/guava,google/ExoPlayer,1
skylot/jadx,web3j/web3j,1
willowtreeapps/spruce-android,ChadCSong/ShineButton,1
apache/lucene-solr,apache/zeppelin,1
zxing/zxing,spotify/helios,1
lettuce-io/lettuce-core,junit-team/junit5,1
spring-projects/spring-boot,hs-web/hsweb-framework,1
yanzhenjie/AndPermission,square/javapoet,1
JakeWharton/butterknife,square/moshi,1
azkaban/azkaban,alibaba/DataX,1
lovetuzitong/MultiImageSelector,square/okhttp,1
kdn251/interviews,kabouzeid/Phonograph,1
mikepenz/FastAdapter,woxingxiao/BubbleSeekBar,1
CalebFenton/simplify,NanoHttpd/nanohttpd,1
zxing/zxing,naver/pinpoint,1
lets-blade/blade,oblac/jodd,1
FasterXML/jackson-databind,TechEmpower/FrameworkBenchmarks,1
prestodb/presto,facebook/facebook-android-sdk,1
MinecraftForge/MinecraftForge,apereo/cas,1
apache/incubator-skywalking,NanoHttpd/nanohttpd,1
apache/jmeter,reactor/reactor-core,1
XRecyclerView/XRecyclerView,jdsjlzx/LRecyclerView,1
apache/hive,apache/jmeter,1
DylanVann/react-native-fast-image,crazycodeboy/react-native-splash-screen,1
swagger-api/swagger-core,jersey/jersey,1
firebase/quickstart-android,google/auto,1
spring-projects/spring-framework,cglib/cglib,1
spring-projects/spring-data-examples,reactor/reactor-core,1
davideas/FlexibleAdapter,realm/realm-java,1
oblac/jodd,lets-blade/blade,1
AltBeacon/android-beacon-library,google/ExoPlayer,1
apereo/cas,apache/flink,1
crazycodeboy/react-native-splash-screen,chrisjenx/Calligraphy,1
google/ExoPlayer,google/closure-compiler,1
querydsl/querydsl,rzwitserloot/lombok,1
alibaba/atlas,johncarl81/parceler,1
firebase/quickstart-android,google/closure-compiler,1
bm-x/PhotoView,chrisbanes/PhotoView,1
MinecraftForge/MinecraftForge,uber/AutoDispose,1
google/gson,googlemaps/android-maps-utils,1
eirslett/frontend-maven-plugin,openzipkin/zipkin,1
NanoHttpd/nanohttpd,ctripcorp/apollo,1
immutables/immutables,jOOQ/jOOQ,1
apache/rocketmq,apereo/cas,1
spring-projects/spring-boot,brettwooldridge/HikariCP,1
square/tape,square/leakcanary,1
mikepenz/FastAdapter,mikepenz/AboutLibraries,1
springfox/springfox,oblac/jodd,1
apache/flink,apache/ignite,1
btraceio/btrace,reactor/reactor-core,1
Activiti/Activiti,alibaba/jvm-sandbox,1
Netflix/Hystrix,Netflix/archaius,1
spring-cloud/spring-cloud-netflix,spotify/helios,1
uber/AutoDispose,reactive-streams/reactive-streams-jvm,1
oblac/jodd,netty/netty,1
google/gson,square/leakcanary,1
alibaba/vlayout,youth5201314/banner,1
alibaba/fastjson,apereo/cas,1
JakeWharton/butterknife,google/auto,1
bumptech/glide,airbnb/lottie-android,1
alibaba/jvm-sandbox,xuxueli/xxl-job,1
reactor/reactor-core,apache/jmeter,1
square/picasso,square/leakcanary,1
arduino/Arduino,guardianproject/haven,1
ethereum/ethereumj,CalebFenton/simplify,1
uber/AutoDispose,reactor/reactor-core,1
daniulive/SmarterStreaming,pili-engineering/PLDroidPlayer,1
square/sqlbrite,JakeWharton/butterknife,1
yanzhenjie/AndPermission,LuckSiege/PictureSelector,1
bazelbuild/bazel,facebook/buck,1
square/leakcanary,square/picasso,1
ltsopensource/light-task-scheduler,redisson/redisson,1
alibaba/atlas,MinecraftForge/MinecraftForge,1
graphql-java/graphql-java,web3j/web3j,1
apache/ignite,apache/tomcat,1
DroidPluginTeam/DroidPlugin,asLody/VirtualApp,1
apache/incubator-skywalking,apache/rocketmq,1
junit-team/junit5,apache/groovy,1
netty/netty,redisson/redisson,1
naver/pinpoint,reactor/reactor-core,1
google/guice,googlemaps/android-maps-utils,1
TechEmpower/FrameworkBenchmarks,alibaba/fastjson,1
flyway/flyway,apache/beam,1
ctripcorp/apollo,reactor/reactor-core,1
btraceio/btrace,zxing/zxing,1
apache/tomcat,apache/storm,1
netty/netty,google/guice,1
square/okhttp,pmd/pmd,1
aurelhubert/ahbottomnavigation,ragunathjawahar/android-saripaar,1
rest-assured/rest-assured,mockito/mockito,1
ethereum/ethereumj,apache/incubator-skywalking,1
bazelbuild/bazel,facebook/litho,1
square/picasso,ReactiveX/RxJava,1
thingsboard/thingsboard,alibaba/fastjson,1
googlesamples/easypermissions,bazelbuild/bazel,1
JakeWharton/ThreeTenABP,square/javapoet,1
daimajia/AndroidSwipeLayout,ReactiveX/RxJava,1
facebook/litho,rzwitserloot/lombok,1
google/auto,googlesamples/android-testing,1
apache/cordova-android,spotify/helios,1
raphw/byte-buddy,openzipkin/zipkin,1
daimajia/AndroidSwipeLayout,bluelinelabs/Conductor,1
koral--/android-gif-drawable,spotify/helios,1
alibaba/ARouter,Activiti/Activiti,1
react-native-community/react-native-svg,facebook/facebook-android-sdk,1
apache/flink,apache/groovy,1
trello/RxLifecycle,JakeWharton/ThreeTenABP,1
facebook/litho,facebook/fresco,1
ReactiveX/RxJava,Activiti/Activiti,1
yanzhenjie/SwipeRecyclerView,huangyanbin/smartTable,1
resilience4j/resilience4j,ctripcorp/apollo,1
alibaba/fastjson,TechEmpower/FrameworkBenchmarks,1
Ashok-Varma/BottomNavigation,square/okhttp,1
apache/kylin,apache/lucene-solr,1
JakeWharton/ThreeTenABP,square/sqlbrite,1
CymChad/BaseRecyclerViewAdapterHelper,Tencent/tinker,1
rzwitserloot/lombok,java-native-access/jna,1
aurelhubert/ahbottomnavigation,MindorksOpenSource/android-interview-questions,1
spring-cloud/spring-cloud-netflix,mybatis/spring-boot-starter,1
LuckSiege/PictureSelector,CarGuo/GSYVideoPlayer,1
ReactiveX/RxAndroid,square/moshi,1
umano/AndroidSlidingUpPanel,chrisjenx/Calligraphy,1
spring-cloud/spring-cloud-netflix,spring-projects/spring-data-examples,1
bytedeco/javacv,bytedeco/javacpp,1
alibaba/canal,ChrisRM/material-theme-jetbrains,1
razerdp/BasePopup,lingochamp/FileDownloader,1
neo4j/neo4j,hazelcast/hazelcast,1
vavr-io/vavr,google/guice,1
pwittchen/ReactiveNetwork,spotify/helios,1
square/okhttp,Ashok-Varma/BottomNavigation,1
apache/hive,apache/groovy,1
square/sqlbrite,square/javapoet,1
apache/lucene-solr,apache/hive,1
reactor/reactor-core,zxing/zxing,1
raphw/byte-buddy,java-native-access/jna,1
libgdx/libgdx,google/ExoPlayer,1
uber/AutoDispose,thingsboard/thingsboard,1
btraceio/btrace,crate/crate,1
MinecraftForge/MinecraftForge,flyway/flyway,1
spring-projects/spring-boot,Netflix/Hystrix,1
prestodb/presto,apache/hive,1
goldze/MVVMHabit,LuckSiege/PictureSelector,1
evernote/android-job,ACRA/acra,1
btraceio/btrace,mockito/mockito,1
oblac/jodd,spring-projects/spring-framework,1
koral--/android-gif-drawable,crate/crate,1
OpenRefine/OpenRefine,apache/beam,1
woxingxiao/BubbleSeekBar,bumptech/glide,1
JanusGraph/janusgraph,pmd/pmd,1
LuckSiege/PictureSelector,alibaba/vlayout,1
CarGuo/GSYVideoPlayer,bumptech/glide,1
apache/jmeter,apache/zeppelin,1
jOOQ/jOOQ,vavr-io/vavr,1
facebook/react-native-fbsdk,facebook/fresco,1
JohnPersano/SuperToasts,zhihu/Matisse,1
openzipkin/zipkin,mockito/mockito,1
Graylog2/graylog2-server,dropwizard/dropwizard,1
youth5201314/banner,lygttpod/SuperTextView,1
airbnb/lottie-android,bumptech/glide,1
Netflix/ribbon,spring-cloud/spring-cloud-netflix,1
javaparser/javaparser,tronprotocol/java-tron,1
square/okhttp,JessYanCoding/MVPArms,1
apache/groovy,apache/ignite,1
apache/zeppelin,apache/kafka,1
resilience4j/resilience4j,ethereum/ethereumj,1
reactive-streams/reactive-streams-jvm,uber/AutoDispose,1
ChrisRM/material-theme-jetbrains,alibaba/fastjson,1
json-path/JsonPath,google/guice,1
alibaba/jvm-sandbox,Graylog2/graylog2-server,1
resilience4j/resilience4j,dropwizard/metrics,1
web3j/web3j,Activiti/Activiti,1
TheAlgorithms/Java,pmd/pmd,1
naver/pinpoint,spotify/helios,1
trello/RxLifecycle,ReactiveX/RxAndroid,1
googlesamples/google-services,realm/realm-java,1
aws/aws-sdk-java,xetorthio/jedis,1
apache/storm,apache/zeppelin,1
square/sqlbrite,ReactiveX/RxAndroid,1
apache/flink,apereo/cas,1
reactor/reactor-core,ctripcorp/apollo,1
apache/jmeter,ctripcorp/apollo,1
reactor/reactor-core,mockito/mockito,1
ctripcorp/apollo,apache/jmeter,1
JakeWharton/ThreeTenABP,JakeWharton/timber,1
amirzaidi/Launcher3,zxing/zxing,1
alibaba/druid,uber/AutoDispose,1
square/tape,square/moshi,1
raphw/byte-buddy,spring-projects/spring-boot,1
facebook/facebook-android-sdk,facebook/litho,1
koral--/android-gif-drawable,ACRA/acra,1
reactor/reactor-core,apache/cordova-android,1
ctripcorp/apollo,zxing/zxing,1
shwenzhang/AndResGuard,yanzhenjie/NoHttp,1
raphw/byte-buddy,square/javapoet,1
facebook/fresco,square/okhttp,1
springfox/springfox,apereo/cas,1
alibaba/fastjson,thingsboard/thingsboard,1
aws/aws-sdk-java,spring-projects/spring-boot,1
JakeWharton/butterknife,square/okhttp,1
resilience4j/resilience4j,apache/incubator-skywalking,1
apache/incubator-skywalking,apache/flink,1
square/leakcanary,google/auto,1
skylot/jadx,ReactiveX/RxJava,1
pwittchen/ReactiveNetwork,ctripcorp/apollo,1
MindorksOpenSource/android-mvp-architecture,amitshekhariitbhu/Android-Debug-Database,1
zhihu/Matisse,jeasonlzy/okhttp-OkGo,1
reactor/reactor-core,reactive-streams/reactive-streams-jvm,1
btraceio/btrace,spring-cloud/spring-cloud-netflix,1
resilience4j/resilience4j,NanoHttpd/nanohttpd,1
aurelhubert/ahbottomnavigation,XRecyclerView/XRecyclerView,1
apache/groovy,apache/tomcat,1
junit-team/junit4,mockito/mockito,1
junit-team/junit5,junit-team/junit4,1
zxing/zxing,crate/crate,1
flyway/flyway,alibaba/atlas,1
apache/hive,apache/ignite,1
google/auto,ReactiveX/RxAndroid,1
alibaba/ARouter,alibaba/canal,1
apache/cordova-android,koral--/android-gif-drawable,1
tronprotocol/java-tron,Freeyourgadget/Gadgetbridge,1
spring-projects/spring-boot,mockito/mockito,1
apereo/cas,OpenRefine/OpenRefine,1
spring-cloud/spring-cloud-netflix,zxing/zxing,1
hs-web/hsweb-framework,alibaba/druid,1
codecentric/spring-boot-admin,apache/rocketmq,1
apache/jmeter,apache/kafka,1
square/okhttp,jhy/jsoup,1
apache/ignite,apache/lucene-solr,1
zxing/zxing,pwittchen/ReactiveNetwork,1
apache/flink,CalebFenton/simplify,1
spockframework/spock,springfox/springfox,1
jOOQ/jOOQ,immutables/immutables,1
spring-projects/spring-data-examples,rest-assured/rest-assured,1
googlesamples/android-testing,googlesamples/easypermissions,1
javaee-samples/javaee7-samples,hazelcast/hazelcast,1
Activiti/Activiti,alibaba/canal,1
spotify/helios,btraceio/btrace,1
ReactiveX/RxJava,square/leakcanary,1
Activiti/Activiti,alibaba/fastjson,1
mockito/mockito,Graylog2/graylog2-server,1
didi/VirtualAPK,DroidPluginTeam/DroidPlugin,1
btraceio/btrace,pwittchen/ReactiveNetwork,1
crate/crate,spring-cloud/spring-cloud-netflix,1
confluentinc/ksql,keycloak/keycloak,1
apache/kylin,apache/zeppelin,1
alibaba/canal,thingsboard/thingsboard,1
square/okhttp,scwang90/SmartRefreshLayout,1
querydsl/querydsl,spring-projects/spring-data-examples,1
square/okhttp,facebook/fresco,1
realm/realm-java,daimajia/AndroidSwipeLayout,1
spring-projects/spring-boot,Netflix/archaius,1
spockframework/spock,oblac/jodd,1
apache/zookeeper,apache/hive,1
thingsboard/thingsboard,alibaba/jvm-sandbox,1
pwittchen/ReactiveNetwork,btraceio/btrace,1
google/guava,square/javapoet,1
alibaba/canal,flyway/flyway,1
thingsboard/thingsboard,alibaba/canal,1
alibaba/fastjson,flyway/flyway,1
LuckSiege/PictureSelector,zhihu/Matisse,1
johncarl81/parceler,alibaba/atlas,1
Netflix/ribbon,Netflix/Hystrix,1
sohutv/cachecloud,ctripcorp/apollo,1
square/sqlbrite,google/auto,1
YoKeyword/Fragmentation,Justson/AgentWeb,1
crate/crate,elastic/elasticsearch,1
ethereum/ethereumj,resilience4j/resilience4j,1
vavr-io/vavr,reactor/reactor-core,1
TechEmpower/FrameworkBenchmarks,hazelcast/hazelcast,1
apereo/cas,alibaba/ARouter,1
AsyncHttpClient/async-http-client,jfoenixadmin/JFoenix,1
querydsl/querydsl,dbeaver/dbeaver,1
lettuce-io/lettuce-core,brettwooldridge/HikariCP,1
alibaba/ARouter,MinecraftForge/MinecraftForge,1
mzule/ActivityRouter,alibaba/ARouter,1
zxing/zxing,yipianfengye/android-zxingLibrary,1
TeamNewPipe/NewPipe,Freeyourgadget/Gadgetbridge,1
bumptech/glide,material-components/material-components-android,1
naver/pinpoint,mockito/mockito,1
square/tape,square/picasso,1
apache/beam,junit-team/junit5,1
mockito/mockito,rest-assured/rest-assured,1
Netflix/ribbon,Netflix/eureka,1
Activiti/Activiti,oblac/jodd,1
apache/jmeter,apache/storm,1
elastic/elasticsearch,crate/crate,1
alibaba/druid,ctripcorp/apollo,1
mockito/mockito,spring-cloud/spring-cloud-netflix,1
square/tape,ReactiveX/RxAndroid,1
square/picasso,JakeWharton/ThreeTenABP,1
apache/incubator-skywalking,alibaba/druid,1
koral--/android-gif-drawable,bumptech/glide,1
gocd/gocd,perwendel/spark,1
alibaba/jvm-sandbox,thingsboard/thingsboard,1
square/dagger,square/retrofit,1
lingochamp/FileDownloader,AriaLyy/Aria,1
apache/beam,bazelbuild/bazel,1
davideas/FlexibleAdapter,JohnPersano/SuperToasts,1
square/okhttp,mikepenz/FastAdapter,1
Justson/AgentWeb,Blankj/AndroidUtilCode,1
scwang90/SmartRefreshLayout,Yalantis/uCrop,1
netty/netty,apache/kafka,1
JakeWharton/RxRelay,daimajia/AndroidSwipeLayout,1
apache/ignite,apache/groovy,1
daimajia/AndroidSwipeLayout,realm/realm-java,1
apache/groovy,apache/flink,1
reactive-streams/reactive-streams-jvm,reactor/reactor-core,1
koral--/android-gif-drawable,apache/cordova-android,1
CymChad/BaseRecyclerViewAdapterHelper,yipianfengye/android-zxingLibrary,1
ctripcorp/apollo,alibaba/druid,1
google/guice,JanusGraph/janusgraph,1
alibaba/ARouter,uber/AutoDispose,1
apache/rocketmq,apache/storm,1
trello/RxLifecycle,requery/requery,1
didi/VirtualAPK,Qihoo360/RePlugin,1
fanrunqi/MaterialLogin,stfalcon-studio/ChatKit,1
codecentric/spring-boot-admin,apache/incubator-skywalking,1
reactor/reactor-core,crate/crate,1
bumptech/glide,woxingxiao/BubbleSeekBar,1
apereo/cas,alibaba/fastjson,1
google/gson,JakeWharton/ThreeTenABP,1
flyway/flyway,alibaba/jvm-sandbox,1
languagetool-org/languagetool,dbeaver/dbeaver,1
alibaba/canal,alibaba/fastjson,1
Clans/FloatingActionButton,futuresimple/android-floating-action-button,1
crazycodeboy/TakePhoto,Jasonchenlijian/FastBle,1
JakeWharton/butterknife,ReactiveX/RxAndroid,1
apereo/cas,apache/rocketmq,1
oblac/jodd,spockframework/spock,1
ctripcorp/apollo,koral--/android-gif-drawable,1
Freeyourgadget/Gadgetbridge,TeamNewPipe/NewPipe,1
elastic/elasticsearch,hibernate/hibernate-orm,1
eirslett/frontend-maven-plugin,apache/zeppelin,1
google/auto,square/moshi,1
FasterXML/jackson-databind,eishay/jvm-serializers,1
square/leakcanary,square/sqlbrite,1
robinhood/ticker,square/moshi,1
googlesamples/android-testing,google/gson,1
weibocom/motan,alibaba/jstorm,1
apache/zeppelin,apache/lucene-solr,1
abel533/Mapper,alibaba/jvm-sandbox,1
yanzhenjie/NoHttp,yanzhenjie/AndPermission,1
spring-cloud/spring-cloud-netflix,mockito/mockito,1
redisson/redisson,netty/netty,1
pwittchen/ReactiveNetwork,reactor/reactor-core,1
oblac/jodd,ReactiveX/RxJava,1
apache/flink,apache/tomcat,1
google/guice,json-path/JsonPath,1
spring-cloud/spring-cloud-netflix,ctripcorp/apollo,1
realm/realm-java,zhihu/Matisse,1
TeamNewPipe/NewPipe,ThirtyDegreesRay/OpenHub,1
apache/flink,elastic/elasticsearch,1
firebase/quickstart-android,bazelbuild/bazel,1
square/moshi,JakeWharton/butterknife,1
junit-team/junit5,netty/netty,1
alibaba/atlas,apereo/cas,1
alibaba/druid,springfox/springfox,1
google/closure-compiler,google/gson,1
square/okhttp,FasterXML/jackson-databind,1
alibaba/jvm-sandbox,alibaba/ARouter,1
jersey/jersey,elastic/elasticsearch,1
crate/crate,mockito/mockito,1
lets-blade/blade,alibaba/fastjson,1
facebook/buck,wix/react-native-navigation,1
spring-projects/spring-framework,spring-projects/spring-petclinic,1
apache/tomcat,apache/groovy,1
square/javapoet,yanzhenjie/NoHttp,1
springfox/springfox,ReactiveX/RxJava,1
google/auto,JakeWharton/ThreeTenABP,1
netty/netty,neo4j/neo4j,1
hibernate/hibernate-orm,elastic/elasticsearch,1
chrisjenx/Calligraphy,crazycodeboy/react-native-splash-screen,1
pmd/pmd,rzwitserloot/lombok,1
tbruyelle/RxPermissions,davideas/FlexibleAdapter,1
google/guava,ReactiveX/RxJava,1
square/tape,JakeWharton/timber,1
spockframework/spock,web3j/web3j,1
apache/rocketmq,ctripcorp/apollo,1
hibernate/hibernate-orm,rzwitserloot/lombok,1
graphql-java/graphql-java,dropwizard/dropwizard,1
xetorthio/jedis,alibaba/jstorm,1
MindorksOpenSource/android-interview-questions,PhilJay/MPAndroidChart,1
antlr/antlr4,eclipse/jetty.project,1
orhanobut/logger,goldze/MVVMHabit,1
JanusGraph/janusgraph,json-path/JsonPath,1
swagger-api/swagger-core,springfox/springfox,1
JessYanCoding/MVPArms,H07000223/FlycoTabLayout,1
CymChad/BaseRecyclerViewAdapterHelper,cymcsg/UltimateRecyclerView,1
YoKeyword/Fragmentation,alibaba/freeline,1
square/okhttp,openzipkin/zipkin,1
Activiti/Activiti,lettuce-io/lettuce-core,1
spring-projects/spring-boot,apache/tomcat,1
querydsl/querydsl,FasterXML/jackson-databind,1
apache/tomcat,apache/kafka,1
eirslett/frontend-maven-plugin,netty/netty,1
JakeWharton/ThreeTenABP,square/tape,1
spring-projects/spring-framework,gocd/gocd,1
vert-x3/vertx-examples,jenkinsci/jenkins,1
JakeWharton/RxRelay,ReactiveX/RxJava,1
square/retrofit,JakeWharton/butterknife,1
pwittchen/ReactiveNetwork,apache/jmeter,1
luckybilly/CC,alibaba/ARouter,1
ReactiveX/RxJava,reactive-streams/reactive-streams-jvm,1
testcontainers/testcontainers-java,netty/netty,1
apache/jmeter,crate/crate,1
uber/AutoDispose,alibaba/jvm-sandbox,1
googlesamples/android-testing,google/ExoPlayer,1
JessYanCoding/MVPArms,wdullaer/MaterialDateTimePicker,1
h2oai/h2o-3,apache/zeppelin,1
alibaba/fastjson,Graylog2/graylog2-server,1
square/moshi,square/leakcanary,1
zxing/zxing,objectbox/objectbox-java,1
mockito/mockito,ctripcorp/apollo,1
google/guava,netty/netty,1
codecentric/spring-boot-admin,resilience4j/resilience4j,1
airbnb/lottie-android,TeamNewPipe/NewPipe,1
apache/jmeter,apache/ignite,1
apache/lucene-solr,apache/zookeeper,1
square/okhttp,ReactiveX/RxAndroid,1
google/guice,pmd/pmd,1
mockito/mockito,zxing/zxing,1
cymcsg/UltimateRecyclerView,CymChad/BaseRecyclerViewAdapterHelper,1
web3j/web3j,oblac/jodd,1
google/closure-compiler,googlesamples/easypermissions,1
LitePalFramework/LitePal,guolindev/booksource,1
apache/flink,confluentinc/ksql,1
ReactiveX/RxAndroid,square/tape,1
H07000223/FlycoTabLayout,JessYanCoding/MVPArms,1
web3j/web3j,ReactiveX/RxJava,1
perwendel/spark,JakeWharton/DiskLruCache,1
spring-projects/spring-boot,Netflix/zuul,1
ReactiveX/RxJava,uber/AutoDispose,1
woxingxiao/BubbleSeekBar,mikepenz/FastAdapter,1
apache/ignite,apache/jmeter,1
bazelbuild/bazel,rstudio/rstudio,1
ReactiveX/RxJava,brettwooldridge/HikariCP,1
netty/netty,oblac/jodd,1
amitshekhariitbhu/Android-Debug-Database,MindorksOpenSource/android-interview-questions,1
h2oai/h2o-3,eirslett/frontend-maven-plugin,1
wix/react-native-navigation,crazycodeboy/react-native-splash-screen,1
apache/jmeter,apache/lucene-solr,1
spring-cloud/spring-cloud-netflix,crate/crate,1
apache/kafka,apache/groovy,1
openzipkin/zipkin,eirslett/frontend-maven-plugin,1
permissions-dispatcher/PermissionsDispatcher,gongwen/MarqueeViewLibrary,1
google/ExoPlayer,libgdx/libgdx,1
jersey/jersey,spockframework/spock,1
google/ExoPlayer,pili-engineering/PLDroidPlayer,1
google/guice,vavr-io/vavr,1
square/dagger,square/moshi,1
resilience4j/resilience4j,apereo/cas,1
WritingMinds/ffmpeg-android-java,gyf-dev/ImmersionBar,1
thingsboard/thingsboard,flyway/flyway,1
apache/flink,ctripcorp/apollo,1
JakeWharton/timber,ReactiveX/RxAndroid,1
square/retrofit,JakeWharton/ThreeTenABP,1
CalebFenton/simplify,apereo/cas,1
google/ExoPlayer,googlesamples/android-testing,1
square/tape,square/sqlbrite,1
hs-web/hsweb-framework,spring-projects/spring-boot,1
airbnb/lottie-android,JakeWharton/ThreeTenABP,1
JakeWharton/DiskLruCache,perwendel/spark,1
google/guava,junit-team/junit5,1
ctripcorp/apollo,naver/pinpoint,1
facebook/litho,facebook/facebook-android-sdk,1
YoKeyword/Fragmentation,Jasonchenlijian/FastBle,1
powermock/powermock,mockito/mockito,1
square/tape,ReactiveX/RxJava,1
Blankj/AndroidUtilCode,Justson/AgentWeb,1
Konloch/bytecode-viewer,arduino/Arduino,1
eirslett/frontend-maven-plugin,h2oai/h2o-3,1
JakeWharton/ThreeTenABP,square/okhttp,1
MinecraftForge/MinecraftForge,alibaba/jvm-sandbox,1
junit-team/junit5,square/javapoet,1
facebook/facebook-android-sdk,facebook/fresco,1
openzipkin/zipkin,square/okhttp,1
kabouzeid/Phonograph,kdn251/interviews,1
youth5201314/banner,alibaba/vlayout,1
zhihu/Matisse,JohnPersano/SuperToasts,1
apereo/cas,springfox/springfox,1
wix/react-native-navigation,facebook/react-native-fbsdk,1
rzwitserloot/lombok,hibernate/hibernate-orm,1
spring-projects/spring-petclinic,rabbitmq/rabbitmq-tutorials,1
koral--/android-gif-drawable,ctripcorp/apollo,1
FasterXML/jackson-databind,springfox/springfox,1
aritraroy/PatternLockView,aritraroy/UltimateAndroidReference,1
MinecraftForge/MinecraftForge,Activiti/Activiti,1
jprante/elasticsearch-jdbc,floragunncom/search-guard,1
alibaba/canal,alibaba/atlas,1
square/leakcanary,ReactiveX/RxJava,1
spring-projects/spring-boot,dropwizard/metrics,1
square/okhttp,JakeWharton/timber,1
apache/tomcat,spring-projects/spring-boot,1
naver/pinpoint,apache/rocketmq,1
realm/realm-java,material-components/material-components-android,1
apache/cordova-android,btraceio/btrace,1
crate/crate,btraceio/btrace,1
mrniko/netty-socketio,netty/netty,1
elastic/elasticsearch,jersey/jersey,1
prestodb/presto,Alluxio/alluxio,1
apache/kylin,apache/jmeter,1
spotify/helios,apache/jmeter,1
dropwizard/dropwizard,naver/pinpoint,1
crazyandcoder/citypicker,ChrisRM/material-theme-jetbrains,1
apache/hive,apache/zookeeper,1
jenkinsci/jenkins,vert-x3/vertx-examples,1
oblac/jodd,skylot/jadx,1
alibaba/fastjson,apache/rocketmq,1
bluelinelabs/Conductor,daimajia/AndroidSwipeLayout,1
vert-x3/vertx-examples,netty/netty,1
CarGuo/GSYVideoPlayer,CymChad/BaseRecyclerViewAdapterHelper,1
junit-team/junit5,google/guava,1
alibaba/fastjson,lets-blade/blade,1
vavr-io/vavr,jOOQ/jOOQ,1
apache/kafka,elastic/elasticsearch,1
NLPchina/ansj_seg,NLPchina/elasticsearch-sql,1
pmd/pmd,TheAlgorithms/Java,1
Activiti/Activiti,alibaba/ARouter,1
openzipkin/zipkin,raphw/byte-buddy,1
mockito/mockito,pushtorefresh/storio,1
futuresimple/android-floating-action-button,aurelhubert/ahbottomnavigation,1
gyf-dev/ImmersionBar,WritingMinds/ffmpeg-android-java,1
uber/AutoDispose,flyway/flyway,1
spring-projects/spring-framework,reactor/reactor-core,1
google/ExoPlayer,bazelbuild/bazel,1
rzwitserloot/lombok,TechEmpower/FrameworkBenchmarks,1
apache/kafka,apache/tomcat,1
pushtorefresh/storio,ctripcorp/apollo,1
ragunathjawahar/android-saripaar,aurelhubert/ahbottomnavigation,1
jOOQ/jOOQ,flyway/flyway,1
pushtorefresh/storio,apache/jmeter,1
google/ExoPlayer,alibaba/fastjson,1
Konloch/bytecode-viewer,guardianproject/haven,1
alibaba/atlas,thingsboard/thingsboard,1
floragunncom/search-guard,jprante/elasticsearch-jdbc,1
apache/groovy,apache/kafka,1
AsyncHttpClient/async-http-client,netty/netty,1
JessYanCoding/MVPArms,scwang90/SmartRefreshLayout,1
spring-projects/spring-boot,rabbitmq/rabbitmq-tutorials,1
google/closure-compiler,google/auto,1
bluelinelabs/Conductor,JakeWharton/RxRelay,1
greenrobot/EventBus,ACRA/acra,1
apache/hive,apache/kafka,1
JanusGraph/janusgraph,google/guice,1
flyway/flyway,jOOQ/jOOQ,1
spring-cloud/spring-cloud-netflix,btraceio/btrace,1
apache/kafka,apache/jmeter,1
uber/AutoDispose,apereo/cas,1
apache/beam,OpenRefine/OpenRefine,1
material-components/material-components-android,JakeWharton/butterknife,1
netty/netty,reactor/reactor-core,1
querydsl/querydsl,google/guice,1
google/ExoPlayer,bytedeco/javacv,1
pushtorefresh/storio,airbnb/epoxy,1
NanoHttpd/nanohttpd,apache/incubator-skywalking,1
google/ExoPlayer,googlemaps/android-maps-utils,1
JakeWharton/ThreeTenABP,TeamNewPipe/NewPipe,1
yanzhenjie/Album,square/javapoet,1
crazycodeboy/TakePhoto,Justson/AgentWeb,1
pushtorefresh/storio,reactor/reactor-core,1
naver/pinpoint,btraceio/btrace,1
uber/AutoDispose,Activiti/Activiti,1
pmd/pmd,spockframework/spock,1
apache/zeppelin,apache/hadoop,1
keycloak/keycloak,spring-projects/spring-data-examples,1
alibaba/canal,ctripcorp/apollo,1
google/guava,googlesamples/android-testing,1
skylot/jadx,Activiti/Activiti,1
apache/hive,apache/flink,1
google/gson,skylot/jadx,1
google/ExoPlayer,AltBeacon/android-beacon-library,1
apache/zookeeper,apache/groovy,1
square/javapoet,yanzhenjie/AndPermission,1
Activiti/Activiti,OpenRefine/OpenRefine,1
JakeWharton/timber,google/auto,1
prestodb/presto,json-path/JsonPath,1
Graylog2/graylog2-server,uber/AutoDispose,1
oblac/jodd,springfox/springfox,1
Netflix/zuul,spring-projects/spring-boot,1
apache/ignite,apache/storm,1
CymChad/BaseRecyclerViewAdapterHelper,objectbox/objectbox-java,1
rzwitserloot/lombok,querydsl/querydsl,1
googlemaps/android-maps-utils,google/auto,1
CymChad/BaseRecyclerViewAdapterHelper,Meituan-Dianping/Robust,1
thingsboard/thingsboard,MinecraftForge/MinecraftForge,1
flyway/flyway,alibaba/canal,1
google/gson,JakeWharton/butterknife,1
cglib/cglib,openzipkin/zipkin,1
Netflix/Hystrix,spring-projects/spring-boot,1
apache/lucene-solr,apache/tomcat,1
google/ExoPlayer,daniulive/SmarterStreaming,1
square/okhttp,MinecraftForge/MinecraftForge,1
objectbox/objectbox-java,chennaione/sugar,1
netty/netty,brettwooldridge/HikariCP,1
JessYanCoding/MVPArms,square/okhttp,1
oracle/graal,oracle/opengrok,1
apereo/cas,uber/AutoDispose,1
square/leakcanary,JakeWharton/butterknife,1
SeleniumHQ/selenium,apache/jmeter,1
square/javapoet,JakeWharton/ThreeTenABP,1
reactor/reactor-core,netty/netty,1
ReactiveX/RxAndroid,JakeWharton/timber,1
ctripcorp/apollo,ethereum/ethereumj,1
ChrisRM/material-theme-jetbrains,alibaba/canal,1
tbruyelle/RxPermissions,objectbox/objectbox-java,1
brettwooldridge/HikariCP,web3j/web3j,1
googlesamples/easypermissions,googlesamples/android-testing,1
square/okhttp,Tencent/GT,1
OpenRefine/OpenRefine,elastic/elasticsearch,1
zaproxy/zaproxy,aws/aws-sdk-java,1
JakeWharton/butterknife,uber/AutoDispose,1
apache/storm,apache/tomcat,1
bytedeco/javacpp,bytedeco/javacv,1
dbeaver/dbeaver,querydsl/querydsl,1
codecentric/spring-boot-admin,ctripcorp/apollo,1
Jasonchenlijian/FastBle,YoKeyword/Fragmentation,1
grpc/grpc-java,junit-team/junit4,1
apache/incubator-skywalking,openzipkin/zipkin,1
CalebFenton/simplify,codecentric/spring-boot-admin,1
googlesamples/android-testing,googlemaps/android-maps-utils,1
JakeWharton/butterknife,bumptech/glide,1
uber/AutoDispose,ReactiveX/RxJava,1
apache/jmeter,pwittchen/ReactiveNetwork,1
Curzibn/Luban,SeleniumHQ/selenium,1
yanzhenjie/NoHttp,Konloch/bytecode-viewer,1
google/ExoPlayer,lipangit/JiaoZiVideoPlayer,1
googlemaps/android-maps-utils,google/closure-compiler,1
bumptech/glide,CarGuo/GSYVideoPlayer,1
alibaba/druid,prestodb/presto,1
apereo/cas,thingsboard/thingsboard,1
alibaba/canal,uber/AutoDispose,1
google/auto,square/okhttp,1
hackware1993/MagicIndicator,daimajia/AndroidImageSlider,1
alibaba/canal,apereo/cas,1
crate/crate,pwittchen/ReactiveNetwork,1
googlesamples/easypermissions,material-components/material-components-android,1
luojilab/DDComponentForAndroid,square/okhttp,1
ctripcorp/apollo,sohutv/cachecloud,1
junit-team/junit5,raphw/byte-buddy,1
alibaba/fastjson,MinecraftForge/MinecraftForge,1
apereo/cas,MinecraftForge/MinecraftForge,1
chanjarster/weixin-java-tools,spring-projects/spring-boot,1
google/auto,square/sqlbrite,1
pwittchen/ReactiveNetwork,mockito/mockito,1
mikepenz/MaterialDrawer,mikepenz/AboutLibraries,1
alibaba/fastjson,alibaba/canal,1
owncloud/android,siacs/Conversations,1
Graylog2/graylog2-server,alibaba/ARouter,1
openzipkin/zipkin,netty/netty,1
apereo/cas,codecentric/spring-boot-admin,1
rzwitserloot/lombok,pmd/pmd,1
brettwooldridge/HikariCP,lettuce-io/lettuce-core,1
JakeWharton/butterknife,Justson/AgentWeb,1
apache/zeppelin,apache/storm,1
square/moshi,Tencent/tinker,1
crate/crate,spotify/helios,1
reactor/reactor-core,spring-projects/spring-data-examples,1
square/tape,square/okhttp,1
wasabeef/glide-transformations,JakeWharton/ThreeTenABP,1
apache/groovy,apache/kylin,1
alibaba/canal,MinecraftForge/MinecraftForge,1
naver/pinpoint,ctripcorp/apollo,1
undertow-io/undertow,brettwooldridge/HikariCP,1
junit-team/junit5,google/auto,1
rabbitmq/rabbitmq-tutorials,spring-projects/spring-data-examples,1
alibaba/DataX,azkaban/azkaban,1
alibaba/druid,querydsl/querydsl,1
spring-projects/spring-framework,spring-projects/spring-data-examples,1
crate/crate,reactor/reactor-core,1
spring-cloud/spring-cloud-netflix,apache/jmeter,1
uber/AutoDispose,Graylog2/graylog2-server,1
realm/realm-java,googlesamples/google-services,1
evernote/android-job,davideas/FlexibleAdapter,1
cglib/cglib,google/guice,1
spring-cloud/spring-cloud-netflix,rabbitmq/rabbitmq-tutorials,1
hazelcast/hazelcast,javaee-samples/javaee7-samples,1
netty/netty,junit-team/junit4,1
pushtorefresh/storio,naver/pinpoint,1
brettwooldridge/HikariCP,skylot/jadx,1
googlesamples/easypermissions,google/closure-compiler,1
resilience4j/resilience4j,uber/AutoDispose,1
codingapi/tx-lcn,spring-cloud/spring-cloud-netflix,1
resilience4j/resilience4j,reactive-streams/reactive-streams-jvm,1
PhilJay/MPAndroidChart,JessYanCoding/MVPArms,1
apache/jmeter,apache/groovy,1
spring-projects/spring-framework,perwendel/spark,1
google/guava,googlemaps/android-maps-utils,1
apache/kafka,apache/ignite,1
square/javapoet,raphw/byte-buddy,1
XRecyclerView/XRecyclerView,aurelhubert/ahbottomnavigation,1
JodaOrg/joda-time,square/okhttp,1
web3j/web3j,junit-team/junit5,1
cSploit/android,TeamNewPipe/NewPipe,1
daimajia/AndroidSwipeLayout,JakeWharton/RxRelay,1
yanzhenjie/Album,yanzhenjie/NoHttp,1
apache/storm,apache/hive,1
TeamNewPipe/NewPipe,JakeWharton/ThreeTenABP,1
apache/tomcat,apache/lucene-solr,1
codecentric/spring-boot-admin,spring-projects/spring-framework,1
square/leakcanary,ReactiveX/RxAndroid,1
spring-projects/spring-boot,oblac/jodd,1
apache/incubator-skywalking,prontera/spring-cloud-rest-tcc,1
yipianfengye/android-zxingLibrary,zxing/zxing,1
ctripcorp/apollo,pushtorefresh/storio,1
google/guice,googlesamples/easypermissions,1
apache/jmeter,naver/pinpoint,1
lingochamp/okdownload,lingochamp/FileDownloader,1
scwang90/SmartRefreshLayout,JessYanCoding/MVPArms,1
google/guice,square/javapoet,1
react-native-community/react-native-video,facebook/litho,1
apache/jmeter,SeleniumHQ/selenium,1
bazelbuild/bazel,rzwitserloot/lombok,1
Netflix/archaius,spring-cloud/spring-cloud-netflix,1
spring-projects/spring-data-examples,mockito/mockito,1
apache/rocketmq,alibaba/fastjson,1
bazelbuild/bazel,google/ExoPlayer,1
CymChad/BaseRecyclerViewAdapterHelper,umano/AndroidSlidingUpPanel,1
apache/zeppelin,eirslett/frontend-maven-plugin,1
SeleniumHQ/selenium,grpc/grpc-java,1
ThirtyDegreesRay/OpenHub,cSploit/android,1
weibocom/motan,apache/zookeeper,1
google/auto,google/closure-compiler,1
alibaba/jstorm,apache/zookeeper,1
OpenRefine/OpenRefine,springfox/springfox,1
aosp-mirror/platform_frameworks_base,facebook/stetho,1
web3j/web3j,brettwooldridge/HikariCP,1
apache/jmeter,spring-projects/spring-boot,1
spotify/helios,spring-cloud/spring-cloud-netflix,1
JakeWharton/timber,square/okhttp,1
brettwooldridge/HikariCP,JakeWharton/ThreeTenABP,1
CymChad/BaseRecyclerViewAdapterHelper,huangyanbin/smartTable,1
alibaba/canal,alibaba/jvm-sandbox,1
bazelbuild/bazel,apache/beam,1
spotify/helios,koral--/android-gif-drawable,1
square/okhttp,luojilab/DDComponentForAndroid,1
googlesamples/android-testing,google/auto,1
square/javapoet,junit-team/junit5,1
apache/lucene-solr,apache/kylin,1
square/dagger,square/okhttp,1
scwang90/SmartRefreshLayout,alibaba/fastjson,1
Netflix/eureka,dropwizard/dropwizard,1
alibaba/fastjson,alibaba/ARouter,1
square/okhttp,square/dagger,1
apache/incubator-skywalking,resilience4j/resilience4j,1
square/okhttp,lovetuzitong/MultiImageSelector,1
TechEmpower/FrameworkBenchmarks,rzwitserloot/lombok,1
Netflix/archaius,ReactiveX/RxJava,1
google/closure-compiler,googlemaps/android-maps-utils,1
json-path/JsonPath,ben-manes/caffeine,1
spotify/helios,pwittchen/ReactiveNetwork,1
apache/zeppelin,apache/groovy,1
querydsl/querydsl,lettuce-io/lettuce-core,1
react-native-community/react-native-camera,crazycodeboy/react-native-splash-screen,1
ThirtyDegreesRay/OpenHub,TeamNewPipe/NewPipe,1
pwittchen/ReactiveNetwork,crate/crate,1
sockeqwe/mosby,sockeqwe/AdapterDelegates,1
lipangit/JiaoZiVideoPlayer,google/ExoPlayer,1
apache/zeppelin,apache/zookeeper,1
ReactiveX/RxJava,web3j/web3j,1
Jasonchenlijian/FastBle,yhaolpz/FloatWindow,1
ReactiveX/RxJava,square/moshi,1
apache/jmeter,spring-projects/spring-framework,1
realm/realm-java,bluelinelabs/Conductor,1
square/sqlbrite,square/leakcanary,1
apache/incubator-skywalking,naver/pinpoint,1
MinecraftForge/MinecraftForge,alibaba/atlas,1
arcadefire/nice-spinner,lzyzsd/JsBridge,1
ximsfei/Android-skin-support,alibaba/vlayout,1
spotify/helios,reactor/reactor-core,1
JoanZapata/android-pdfview,wix/react-native-navigation,1
openzipkin/zipkin,cglib/cglib,1
junit-team/junit4,netty/netty,1
codecentric/spring-boot-admin,aws/aws-sdk-java,1
google/guava,jOOQ/jOOQ,1
Freeyourgadget/Gadgetbridge,kabouzeid/Phonograph,1
spring-projects/spring-boot,aws/aws-sdk-java,1
scwang90/SmartRefreshLayout,LuckSiege/PictureSelector,1
neo4j/neo4j,netty/netty,1
yanzhenjie/SwipeRecyclerView,yanzhenjie/NoHttp,1
oblac/jodd,spring-cloud/spring-cloud-netflix,1
aurelhubert/ahbottomnavigation,wix/react-native-navigation,1
square/moshi,square/sqlbrite,1
testcontainers/testcontainers-java,elastic/elasticsearch,1
alibaba/druid,hs-web/hsweb-framework,1
google/ExoPlayer,google/guice,1
java-native-access/jna,rzwitserloot/lombok,1
querydsl/querydsl,springfox/springfox,1
facebook/facebook-android-sdk,prestodb/presto,1
CalebFenton/simplify,apache/rocketmq,1
alibaba/jvm-sandbox,apereo/cas,1
spotify/helios,zxing/zxing,1
apache/groovy,junit-team/junit5,1
junit-team/junit5,oblac/jodd,1
square/javapoet,ReactiveX/RxAndroid,1
johncarl81/parceler,alibaba/freeline,1
apache/tomcat,apache/jmeter,1
ReactiveX/RxAndroid,google/gson,1
apache/storm,apache/kylin,1
ethereum/ethereumj,apache/flink,1
apache/groovy,apache/lucene-solr,1
elastic/elasticsearch,google/gson,1
permissions-dispatcher/PermissionsDispatcher,airbnb/native-navigation,1
alibaba/freeline,GrenderG/Toasty,1
chennaione/sugar,greenrobot/EventBus,1
square/leakcanary,square/moshi,1
Tencent/VasSonic,CymChad/BaseRecyclerViewAdapterHelper,1
Konloch/bytecode-viewer,shwenzhang/AndResGuard,1
spring-projects/spring-boot,square/okhttp,1
rstudio/rstudio,bazelbuild/bazel,1
pili-engineering/PLDroidPlayer,google/ExoPlayer,1
libgdx/libgdx,apache/hive,1
square/moshi,aosp-mirror/platform_frameworks_base,1
spring-projects/spring-boot,jOOQ/jOOQ,1
google/guava,brettwooldridge/HikariCP,1
aurelhubert/ahbottomnavigation,PhilJay/MPAndroidChart,1
apereo/cas,resilience4j/resilience4j,1
eirslett/frontend-maven-plugin,spring-projects/spring-boot,1
react-native-community/react-native-svg,DylanVann/react-native-fast-image,1
apache/incubator-skywalking,ethereum/ethereumj,1
raphw/byte-buddy,dropwizard/dropwizard,1
koral--/android-gif-drawable,naver/pinpoint,1
square/okhttp,spring-projects/spring-boot,1
ctripcorp/apollo,apache/flink,1
MindorksOpenSource/android-interview-questions,aurelhubert/ahbottomnavigation,1
wyouflf/xUtils3,XRecyclerView/XRecyclerView,1
apereo/cas,flyway/flyway,1
bumptech/glide,facebook/litho,1
square/sqlbrite,square/retrofit,1
square/javapoet,square/picasso,1
CalebFenton/simplify,resilience4j/resilience4j,1
apereo/cas,alibaba/canal,1
daimajia/AndroidImageSlider,hackware1993/MagicIndicator,1
alibaba/jvm-sandbox,MinecraftForge/MinecraftForge,1
uber/AutoDispose,alibaba/fastjson,1
apache/storm,apache/flink,1
guardianproject/haven,arduino/Arduino,1
bazelbuild/bazel,junit-team/junit5,1
firebase/quickstart-android,googlemaps/android-maps-utils,1
netty/netty,openzipkin/zipkin,1
rabbitmq/rabbitmq-tutorials,reactor/reactor-core,1
apache/cordova-android,ctripcorp/apollo,1
ben-manes/caffeine,JanusGraph/janusgraph,1
pili-engineering/PLDroidPlayer,CarGuo/GSYVideoPlayer,1
google/guava,raphw/byte-buddy,1
vavr-io/vavr,netty/netty,1
MinecraftForge/MinecraftForge,runelite/runelite,1
spring-projects/spring-boot,vavr-io/vavr,1
naver/pinpoint,apache/cordova-android,1
googlesamples/easypermissions,googlemaps/android-maps-utils,1
spring-projects/spring-boot,google/guava,1
material-components/material-components-android,square/okhttp,1
davideas/FlexibleAdapter,zhihu/Matisse,1
bumptech/glide,pmd/pmd,1
googlesamples/android-testing,google/guice,1
Alluxio/alluxio,prestodb/presto,1
google/guava,MinecraftForge/MinecraftForge,1
apereo/cas,ctripcorp/apollo,1
googlesamples/easypermissions,google/ExoPlayer,1
square/sqlbrite,square/tape,1
runelite/runelite,MinecraftForge/MinecraftForge,1
yanzhenjie/AndPermission,zhihu/Matisse,1
codecentric/spring-boot-admin,NanoHttpd/nanohttpd,1
flyway/flyway,MinecraftForge/MinecraftForge,1
weibocom/motan,redisson/redisson,1
Tencent/GT,square/okhttp,1
apache/incubator-skywalking,apereo/cas,1
javaee-samples/javaee7-samples,pmd/pmd,1
mockito/mockito,reactor/reactor-core,1
apache/flink,apache/lucene-solr,1
facebook/fresco,facebook/litho,1
apache/jmeter,apache/flink,1
apache/ignite,apache/zookeeper,1
netty/netty,google/guava,1
json-path/JsonPath,google/guava,1
json-path/JsonPath,prestodb/presto,1
elastic/elasticsearch,floragunncom/search-guard,1
flyway/flyway,alibaba/ARouter,1
square/javapoet,square/leakcanary,1
spring-cloud/spring-cloud-netflix,Netflix/ribbon,1
AltBeacon/android-beacon-library,prolificinteractive/material-calendarview,1
swagger-api/swagger-core,spring-projects/spring-boot,1
resilience4j/resilience4j,reactor/reactor-core,1
Activiti/Activiti,flyway/flyway,1
Graylog2/graylog2-server,alibaba/druid,1
uber/AutoDispose,alibaba/canal,1
Activiti/Activiti,skylot/jadx,1
realm/realm-java,JakeWharton/RxRelay,1
apache/kylin,apache/tomcat,1
redisson/redisson,mrniko/netty-socketio,1
CalebFenton/simplify,ethereum/ethereumj,1
ben-manes/caffeine,google/guava,1
siacs/Conversations,owncloud/android,1
scwang90/SmartRefreshLayout,WVector/AppUpdate,1
JakeWharton/butterknife,JakeWharton/ThreeTenABP,1
square/picasso,square/tape,1
reactor/reactor-core,spotify/helios,1
JakeWharton/ThreeTenABP,square/picasso,1
wix/react-native-navigation,aurelhubert/ahbottomnavigation,1
alibaba/fastjson,alibaba/jvm-sandbox,1
springfox/springfox,FasterXML/jackson-databind,1
spockframework/spock,ReactiveX/RxJava,1
TechEmpower/FrameworkBenchmarks,lets-blade/blade,1
TeamNewPipe/NewPipe,airbnb/lottie-android,1
square/javapoet,yanzhenjie/SwipeRecyclerView,1
zhihu/Matisse,LuckSiege/PictureSelector,1
spring-cloud/spring-cloud-netflix,codingapi/tx-lcn,1
skylot/jadx,brettwooldridge/HikariCP,1
ReactiveX/RxJava,CymChad/BaseRecyclerViewAdapterHelper,1
apereo/cas,Graylog2/graylog2-server,1
JakeWharton/timber,JakeWharton/ThreeTenABP,1
scribejava/scribejava,FasterXML/jackson-databind,1
apache/flink,apache/incubator-skywalking,1
mcxtzhang/SwipeDelMenuLayout,LuckSiege/PictureSelector,1
FasterXML/jackson-databind,square/okhttp,1
JakeWharton/timber,google/gson,1
square/sqlbrite,square/moshi,1
netty/netty,AsyncHttpClient/async-http-client,1
ctripcorp/apollo,apache/cordova-android,1
lingochamp/FileDownloader,lingochamp/okdownload,1
square/sqlbrite,google/gson,1
yanzhenjie/AndPermission,yanzhenjie/SwipeRecyclerView,1
huangyanbin/smartTable,yanzhenjie/SwipeRecyclerView,1
reactor/reactor-core,google/guice,1
aws/aws-sdk-java,prestodb/presto,1
alibaba/ARouter,Graylog2/graylog2-server,1
raphw/byte-buddy,junit-team/junit5,1
apache/lucene-solr,apache/storm,1
JakeWharton/ThreeTenABP,JakeWharton/butterknife,1
apache/ignite,apache/kafka,1
lettuce-io/lettuce-core,oblac/jodd,1
btraceio/btrace,pushtorefresh/storio,1
square/moshi,robinhood/ticker,1
google/gson,ReactiveX/RxJava,1
zhihu/Matisse,davideas/FlexibleAdapter,1
mockito/mockito,swagger-api/swagger-core,1
flyway/flyway,alibaba/druid,1
aurelhubert/ahbottomnavigation,futuresimple/android-floating-action-button,1
google/gson,square/dagger,1
zxing/zxing,btraceio/btrace,1
apache/kafka,netty/netty,1
arduino/Arduino,Konloch/bytecode-viewer,1
prolificinteractive/material-calendarview,AltBeacon/android-beacon-library,1
LuckSiege/PictureSelector,CymChad/BaseRecyclerViewAdapterHelper,1
DylanVann/react-native-fast-image,react-native-community/react-native-svg,1
react-native-community/react-native-svg,wix/react-native-navigation,1
reactor/reactor-core,resilience4j/resilience4j,1
apache/flink,apache/hive,1
JakeWharton/timber,square/picasso,1
Malinskiy/SuperRecyclerView,lipangit/JiaoZiVideoPlayer,1
owncloud/android,requery/requery,1
alibaba/jstorm,xetorthio/jedis,1
facebook/fresco,facebook/facebook-android-sdk,1
ctripcorp/apollo,NanoHttpd/nanohttpd,1
Netflix/archaius,Netflix/zuul,1
mybatis/spring-boot-starter,spring-cloud/spring-cloud-netflix,1
square/retrofit,robinhood/ticker,1
futuresimple/android-floating-action-button,Clans/FloatingActionButton,1
lipangit/JiaoZiVideoPlayer,daniulive/SmarterStreaming,1
SeleniumHQ/selenium,zaproxy/zaproxy,1
alibaba/atlas,flyway/flyway,1
shwenzhang/AndResGuard,Konloch/bytecode-viewer,1
daniulive/SmarterStreaming,google/ExoPlayer,1
apache/groovy,apache/jmeter,1
google/guice,google/ExoPlayer,1
junit-team/junit4,grpc/grpc-java,1
crazycodeboy/react-native-splash-screen,wix/react-native-navigation,1
codecentric/spring-boot-admin,apache/flink,1
apache/flink,NanoHttpd/nanohttpd,1
square/sqlbrite,square/okhttp,1
Qihoo360/RePlugin,didi/VirtualAPK,1
WritingMinds/ffmpeg-android-java,bytedeco/javacv,1
JakeWharton/ThreeTenABP,brettwooldridge/HikariCP,1
alibaba/fastjson,google/ExoPlayer,1
apache/rocketmq,resilience4j/resilience4j,1
square/picasso,JakeWharton/butterknife,1
brettwooldridge/HikariCP,junit-team/junit5,1
bazelbuild/bazel,izzyleung/ZhihuDailyPurify,1
apache/rocketmq,CalebFenton/simplify,1
google/guava,spring-cloud/spring-cloud-netflix,1
alibaba/jvm-sandbox,alibaba/canal,1
ctripcorp/apollo,resilience4j/resilience4j,1
apache/zookeeper,apache/flink,1
immutables/immutables,vavr-io/vavr,1
ctripcorp/apollo,crate/crate,1
bazelbuild/bazel,firebase/quickstart-android,1
google/ExoPlayer,WritingMinds/ffmpeg-android-java,1
springfox/springfox,alibaba/druid,1
JakeWharton/ThreeTenABP,ReactiveX/RxJava,1
vavr-io/vavr,spring-projects/spring-boot,1
google/guava,firebase/quickstart-android,1
google/gson,googlesamples/android-testing,1
bumptech/glide,ACRA/acra,1
square/dagger,google/gson,1
apache/lucene-solr,apache/jmeter,1
LuckSiege/PictureSelector,yanzhenjie/AndPermission,1
Freeyourgadget/Gadgetbridge,tronprotocol/java-tron,1
spring-projects/spring-boot,swagger-api/swagger-core,1
Yalantis/uCrop,scwang90/SmartRefreshLayout,1
apache/flink,resilience4j/resilience4j,1
ctripcorp/apollo,apache/rocketmq,1
yhaolpz/FloatWindow,Jasonchenlijian/FastBle,1
kabouzeid/Phonograph,Freeyourgadget/Gadgetbridge,1
springfox/springfox,spockframework/spock,1
google/guice,querydsl/querydsl,1
apache/flink,apache/zookeeper,1
reactor/reactor-core,btraceio/btrace,1
JessYanCoding/MVPArms,PhilJay/MPAndroidChart,1
alibaba/fastjson,Activiti/Activiti,1
perwendel/spark,spring-projects/spring-framework,1
alibaba/ARouter,flyway/flyway,1
spotify/helios,mockito/mockito,1
alibaba/jvm-sandbox,alibaba/fastjson,1
apache/groovy,apache/storm,1
WVector/AppUpdate,CymChad/BaseRecyclerViewAdapterHelper,1
netty/netty,apache/zeppelin,1
bumptech/glide,lipangit/JiaoZiVideoPlayer,1
square/javapoet,yanzhenjie/Album,1
JakeWharton/timber,square/sqlbrite,1
google/auto,square/picasso,1
facebook/stetho,JakeWharton/timber,1
mikepenz/MaterialDrawer,firebase/quickstart-android,1
pushtorefresh/storio,spring-cloud/spring-cloud-netflix,1
Karumi/Dexter,aurelhubert/ahbottomnavigation,1
mybatis/spring-boot-starter,mybatis/mybatis-3,1
objectbox/objectbox-java,CymChad/BaseRecyclerViewAdapterHelper,1
facebook/buck,facebook/fresco,1
rabbitmq/rabbitmq-tutorials,spring-cloud/spring-cloud-netflix,1
alibaba/jvm-sandbox,alibaba/druid,1
spring-cloud/spring-cloud-netflix,querydsl/querydsl,1
MinecraftForge/MinecraftForge,bumptech/glide,1
MinecraftForge/MinecraftForge,google/guava,1
google/closure-compiler,google/ExoPlayer,1
zxing/zxing,reactor/reactor-core,1
square/okhttp,google/auto,1
zhihu/Matisse,yanzhenjie/AndPermission,1
eirslett/frontend-maven-plugin,eugenp/tutorials,1
google/gson,netty/netty,1
codecentric/spring-boot-admin,CalebFenton/simplify,1
google/guice,google/closure-compiler,1
CarGuo/GSYVideoPlayer,LuckSiege/PictureSelector,1
square/retrofit,square/dagger,1
ReactiveX/RxJava,google/auto,1
grpc/grpc-java,JakeWharton/butterknife,1
alibaba/atlas,Activiti/Activiti,1
pmd/pmd,square/okhttp,1
didi/VirtualAPK,CymChad/BaseRecyclerViewAdapterHelper,1
guardianproject/haven,Konloch/bytecode-viewer,1
PhilJay/MPAndroidChart,FasterXML/jackson-databind,1
ReactiveX/RxJava,daimajia/AndroidSwipeLayout,1
square/okhttp,JakeWharton/butterknife,1
square/moshi,brettwooldridge/HikariCP,1
apache/zeppelin,apache/ignite,1
reactor/reactor-core,spring-projects/spring-framework,1
chrisjenx/Calligraphy,umano/AndroidSlidingUpPanel,1
ctripcorp/apollo,pwittchen/ReactiveNetwork,1
scwang90/SmartRefreshLayout,bumptech/glide,1
tronprotocol/java-tron,javaparser/javaparser,1
Freeyourgadget/Gadgetbridge,amirzaidi/Launcher3,1
apache/kylin,apache/ignite,1
facebook/buck,SeleniumHQ/selenium,1
umano/AndroidSlidingUpPanel,CymChad/BaseRecyclerViewAdapterHelper,1
crazycodeboy/react-native-splash-screen,react-native-community/react-native-camera,1
apache/jmeter,koral--/android-gif-drawable,1
crate/crate,apache/cordova-android,1
NLPchina/elasticsearch-sql,NLPchina/ansj_seg,1
apache/tomcat,apache/zookeeper,1
naver/pinpoint,apache/incubator-skywalking,1
ReactiveX/RxJava,grpc/grpc-java,1
oblac/jodd,lettuce-io/lettuce-core,1
kabouzeid/Phonograph,termux/termux-app,1
FasterXML/jackson-databind,MindorksOpenSource/android-interview-questions,1
aws/aws-sdk-java,zaproxy/zaproxy,1
spring-cloud/spring-cloud-netflix,apache/cordova-android,1
apache/jmeter,btraceio/btrace,1
koral--/android-gif-drawable,zxing/zxing,1
netty/netty,pmd/pmd,1
spring-cloud/spring-cloud-netflix,oblac/jodd,1
ReactiveX/RxJava,Netflix/archaius,1
NanoHttpd/nanohttpd,resilience4j/resilience4j,1
scwang90/SmartRefreshLayout,jeasonlzy/okhttp-OkGo,1
ReactiveX/RxJava,spockframework/spock,1
alibaba/fastjson,ChrisRM/material-theme-jetbrains,1
brettwooldridge/HikariCP,google/guava,1
ReactiveX/RxJava,springfox/springfox,1
CymChad/BaseRecyclerViewAdapterHelper,yanzhenjie/SwipeRecyclerView,1
hankcs/HanLP,elastic/elasticsearch,1
spring-projects/spring-boot,pmd/pmd,1
CymChad/BaseRecyclerViewAdapterHelper,ReactiveX/RxJava,1
raphw/byte-buddy,google/guava,1
mikepenz/FastAdapter,square/okhttp,1
PhilJay/MPAndroidChart,bluelinelabs/Conductor,1
reactor/reactor-core,naver/pinpoint,1
alibaba/druid,thingsboard/thingsboard,1
google/ExoPlayer,google/auto,1
spring-cloud/spring-cloud-netflix,pwittchen/ReactiveNetwork,1
brettwooldridge/HikariCP,ReactiveX/RxJava,1
google/ExoPlayer,googlesamples/easypermissions,1
crate/crate,zxing/zxing,1
flyway/flyway,Graylog2/graylog2-server,1
tomakehurst/wiremock,mockito/mockito,1
apache/flink,codecentric/spring-boot-admin,1
Graylog2/graylog2-server,alibaba/jvm-sandbox,1
reactor/reactor-core,koral--/android-gif-drawable,1
OpenRefine/OpenRefine,apache/flink,1
Graylog2/graylog2-server,alibaba/canal,1
ReactiveX/RxJava,bytedeco/javacv,1
objectbox/objectbox-java,Marswin/MarsDaemon,1
hazelcast/hazelcast,TechEmpower/FrameworkBenchmarks,1
apache/hive,apache/tomcat,1
alibaba/fastjson,alibaba/atlas,1
laobie/StatusBarUtil,aa112901/remusic,1
spring-cloud/spring-cloud-netflix,koral--/android-gif-drawable,1
apache/kafka,apache/zeppelin,1
google/ExoPlayer,nostra13/Android-Universal-Image-Loader,1
jhy/jsoup,square/okhttp,1
facebook/buck,prestodb/presto,1
reactor/reactor-core,rzwitserloot/lombok,1
facebook/litho,apache/beam,1
pili-engineering/PLDroidPlayer,lipangit/JiaoZiVideoPlayer,1
cglib/cglib,raphw/byte-buddy,1
dropwizard/dropwizard,Netflix/Hystrix,1
TeamNewPipe/NewPipe,cSploit/android,1
zxing/zxing,mockito/mockito,1
apache/cordova-android,pushtorefresh/storio,1
apache/kylin,apache/zookeeper,1
google/guava,square/dagger,1
apache/beam,facebook/litho,1
dianping/cat,LMAX-Exchange/disruptor,1
MinecraftForge/MinecraftForge,alibaba/druid,1
rest-assured/rest-assured,tomakehurst/wiremock,1
btraceio/btrace,naver/pinpoint,1
jgilfelt/chuck,Karumi/Dexter,1
GrenderG/Toasty,alibaba/freeline,1
yanzhenjie/Album,zhihu/Matisse,1
mockito/mockito,apache/jmeter,1
alibaba/vlayout,ximsfei/Android-skin-support,1
aosp-mirror/platform_frameworks_base,square/moshi,1
bazelbuild/bazel,googlesamples/easypermissions,1
NanoHttpd/nanohttpd,CalebFenton/simplify,1
prestodb/presto,facebook/react-native-fbsdk,1
apache/groovy,apache/zookeeper,1
apache/lucene-solr,apache/groovy,1
NanoHttpd/nanohttpd,codecentric/spring-boot-admin,1
googlemaps/android-maps-utils,bazelbuild/bazel,1
alibaba/jvm-sandbox,alibaba/atlas,1
alibaba/druid,MinecraftForge/MinecraftForge,1
bytedeco/javacv,google/ExoPlayer,1
TommyLemon/APIJSON,TommyLemon/Android-ZBLibrary,1
crazycodeboy/TakePhoto,YoKeyword/Fragmentation,1
mockito/mockito,pwittchen/ReactiveNetwork,1
Graylog2/graylog2-server,thingsboard/thingsboard,1
Graylog2/graylog2-server,MinecraftForge/MinecraftForge,1
alibaba/vlayout,LuckSiege/PictureSelector,1
JakeWharton/butterknife,square/sqlbrite,1
oblac/jodd,brettwooldridge/HikariCP,1
lipangit/JiaoZiVideoPlayer,pedant/sweet-alert-dialog,1
google/auto,JakeWharton/butterknife,1
yanzhenjie/SwipeRecyclerView,yanzhenjie/AndPermission,1
Activiti/Activiti,spockframework/spock,1
facebook/fresco,facebook/buck,1
btraceio/btrace,ctripcorp/apollo,1
ReactiveX/RxJava,square/picasso,1
google/gson,bazelbuild/bazel,1
Activiti/Activiti,ReactiveX/RxJava,1
facebook/react-native-fbsdk,prestodb/presto,1
apache/tomcat,apache/ignite,1
AriaLyy/Aria,lingochamp/FileDownloader,1
lettuce-io/lettuce-core,skylot/jadx,1
alibaba/freeline,johncarl81/parceler,1
springfox/springfox,vavr-io/vavr,1
google/guice,MinecraftForge/MinecraftForge,1
spring-cloud/spring-cloud-netflix,google/guava,1
spring-projects/spring-petclinic,spring-projects/spring-data-examples,1
mikepenz/AboutLibraries,mikepenz/FastAdapter,1
google/gson,ReactiveX/RxAndroid,1
springfox/springfox,querydsl/querydsl,1
Activiti/Activiti,thingsboard/thingsboard,1
square/moshi,square/dagger,1
springfox/springfox,skylot/jadx,1
dropwizard/metrics,flyway/flyway,1
gocd/gocd,spring-projects/spring-framework,1
alibaba/atlas,alibaba/jvm-sandbox,1
ACRA/acra,koral--/android-gif-drawable,1
JakeWharton/ThreeTenABP,airbnb/lottie-android,1
alibaba/jvm-sandbox,uber/AutoDispose,1
spring-projects/spring-boot,chanjarster/weixin-java-tools,1
google/auto,googlesamples/easypermissions,1
google/gson,google/ExoPlayer,1
floragunncom/search-guard,elastic/elasticsearch,1
oblac/jodd,web3j/web3j,1
elastic/elasticsearch,spring-projects/spring-boot,1
alibaba/vlayout,lygttpod/SuperTextView,1
aurelhubert/ahbottomnavigation,jgilfelt/chuck,1
alibaba/freeline,YoKeyword/Fragmentation,1
FasterXML/jackson-databind,querydsl/querydsl,1
CarGuo/GSYVideoPlayer,pili-engineering/PLDroidPlayer,1
hazelcast/hazelcast,neo4j/neo4j,1
MinecraftForge/MinecraftForge,alibaba/fastjson,1
spotify/helios,pushtorefresh/storio,1
flyway/flyway,apereo/cas,1
flyway/flyway,alibaba/fastjson,1
apache/jmeter,pushtorefresh/storio,1
google/auto,firebase/quickstart-android,1
spotify/helios,apache/cordova-android,1
rzwitserloot/lombok,facebook/litho,1
crazycodeboy/TakePhoto,LuckSiege/PictureSelector,1
junit-team/junit5,Activiti/Activiti,1
spring-projects/spring-data-examples,spring-projects/spring-petclinic,1
spotify/helios,naver/pinpoint,1
PhilJay/MPAndroidChart,mikepenz/FastAdapter,1
spring-cloud/spring-cloud-netflix,Netflix/archaius,1
airbnb/epoxy,pushtorefresh/storio,1
apache/lucene-solr,apache/kafka,1
jOOQ/jOOQ,google/guava,1
java-native-access/jna,raphw/byte-buddy,1
skylot/jadx,spockframework/spock,1
florent37/MaterialViewPager,yanzhenjie/AndPermission,1
apache/flink,ethereum/ethereumj,1
apache/jmeter,apache/tomcat,1
skylot/jadx,junit-team/junit5,1
crate/crate,pushtorefresh/storio,1
prolificinteractive/material-calendarview,PhilJay/MPAndroidChart,1
aosp-mirror/platform_frameworks_base,JakeWharton/timber,1
apache/hive,apache/zeppelin,1
JakeWharton/ThreeTenABP,wasabeef/glide-transformations,1
JanusGraph/janusgraph,ben-manes/caffeine,1
ctripcorp/apollo,btraceio/btrace,1
wasabeef/glide-transformations,bumptech/glide,1
apache/hive,apache/storm,1
NanoHttpd/nanohttpd,ethereum/ethereumj,1
google/gson,google/closure-compiler,1
bumptech/glide,scwang90/SmartRefreshLayout,1
didi/VirtualAPK,asLody/VirtualApp,1
netty/netty,weibocom/motan,1
apache/storm,apache/rocketmq,1
alibaba/ARouter,thingsboard/thingsboard,1
Tencent/tinker,square/moshi,1
