name,created_at,closed_at,lifespan,pr_id,merged_at,merged
google/closure-compiler,2018-10-20 03:59:01 UTC,2018-10-23 02:15:49 UTC,4216,3127,,false
google/closure-compiler,2018-03-23 19:09:46 UTC,2018-03-23 19:13:56 UTC,4,2861,,false
google/closure-compiler,2018-11-22 21:25:40 UTC,2018-11-30 18:33:25 UTC,11348,3153,,false
google/closure-compiler,2016-01-25 21:51:25 UTC,2018-07-03 16:54:59 UTC,1281303,1438,,false
google/closure-compiler,2018-09-24 02:03:46 UTC,2018-09-28 15:35:23 UTC,6572,3084,,false
google/closure-compiler,2018-03-12 13:05:27 UTC,2018-06-15 17:35:16 UTC,137070,2847,,false
google/closure-compiler,2018-05-13 00:44:23 UTC,2018-05-29 23:21:33 UTC,24397,2922,,false
google/closure-compiler,2018-11-19 13:55:50 UTC,2018-11-20 17:32:20 UTC,1657,3147,,false
google/closure-compiler,2018-12-06 02:30:30 UTC,2018-12-07 19:40:32 UTC,2470,3165,,false
google/closure-compiler,2018-09-10 06:21:25 UTC,2018-09-13 23:29:22 UTC,5348,3070,,false
google/closure-compiler,2018-07-02 02:17:30 UTC,2018-07-03 18:31:50 UTC,2414,3000,,false
google/closure-compiler,2018-07-22 20:50:06 UTC,2018-08-03 17:08:37 UTC,17058,3036,,false
google/closure-compiler,2018-07-01 19:45:09 UTC,2018-07-03 18:31:50 UTC,2806,2998,,false
google/closure-compiler,2018-12-01 03:43:55 UTC,2018-12-13 11:39:27 UTC,17756,3159,,false
google/closure-compiler,2018-12-01 03:43:55 UTC,2018-12-17 21:11:56 UTC,24088,3159,,false
google/closure-compiler,2018-06-19 15:10:25 UTC,2018-06-21 15:58:30 UTC,2928,2981,,false
google/closure-compiler,2018-06-05 12:46:32 UTC,2018-06-09 21:34:49 UTC,6288,2964,,false
google/closure-compiler,2016-05-21 20:41:31 UTC,2018-06-13 16:02:35 UTC,1084041,1809,,false
google/closure-compiler,2018-11-24 11:43:01 UTC,2018-11-24 21:06:05 UTC,563,3154,,false
google/closure-compiler,2018-07-17 04:52:37 UTC,2018-07-24 21:53:12 UTC,11101,3021,,false
google/closure-compiler,2018-07-22 01:02:41 UTC,2018-07-22 01:20:49 UTC,18,3035,,false
google/closure-compiler,2018-07-31 16:04:45 UTC,2018-07-31 23:53:38 UTC,469,3039,,false
google/closure-compiler,2018-06-28 08:54:47 UTC,2018-07-02 23:45:47 UTC,6651,2992,,false
google/closure-compiler,2018-02-07 00:01:24 UTC,2018-02-09 23:57:49 UTC,4316,2810,,false
google/closure-compiler,2018-09-30 12:26:34 UTC,2018-10-05 22:42:04 UTC,7816,3093,,false
google/closure-compiler,2018-03-03 19:20:53 UTC,2018-03-09 22:18:19 UTC,8818,2835,,false
google/closure-compiler,2018-07-06 19:11:06 UTC,2018-07-09 23:01:34 UTC,4550,3011,,false
google/closure-compiler,2018-07-05 15:49:23 UTC,2018-07-09 23:01:34 UTC,6192,3007,,false
google/closure-compiler,2017-01-09 12:35:45 UTC,2018-06-17 12:47:17 UTC,754572,2227,,false
google/closure-compiler,2018-10-14 22:11:56 UTC,2018-10-23 02:15:48 UTC,11764,3109,,false
google/closure-compiler,2018-06-19 13:24:05 UTC,2018-07-02 23:45:47 UTC,19341,2980,,false
google/closure-compiler,2018-11-21 13:30:46 UTC,2018-11-30 18:33:25 UTC,13263,3150,,false
google/closure-compiler,2018-01-16 20:01:57 UTC,2018-04-25 22:02:55 UTC,142681,2788,,false
google/closure-compiler,2018-05-12 18:57:14 UTC,2018-05-22 23:07:25 UTC,14650,2921,,false
google/closure-compiler,2018-07-21 13:23:24 UTC,2018-08-27 18:08:44 UTC,53565,3034,,false
google/closure-compiler,2018-08-30 14:44:59 UTC,2018-08-31 00:14:41 UTC,570,3065,,false
google/closure-compiler,2018-08-07 12:32:58 UTC,2018-08-09 11:36:49 UTC,2824,3047,,false
google/closure-compiler,2018-04-22 08:38:58 UTC,2018-04-26 16:52:55 UTC,6254,2903,,false
google/closure-compiler,2018-03-26 19:09:06 UTC,2018-03-26 21:12:33 UTC,123,2864,,false
google/closure-compiler,2018-02-12 18:59:03 UTC,2018-03-27 19:53:55 UTC,61974,2816,,false
google/closure-compiler,2018-12-01 04:01:14 UTC,2018-12-07 17:37:30 UTC,9456,3160,,false
google/closure-compiler,2018-06-16 13:21:28 UTC,2018-06-20 17:00:41 UTC,5979,2977,,false
google/closure-compiler,2018-10-11 07:53:36 UTC,2018-11-17 01:51:11 UTC,52918,3100,,false
google/closure-compiler,2018-06-13 19:07:08 UTC,2018-06-13 22:53:21 UTC,226,2972,,false
google/closure-compiler,2018-02-07 15:37:28 UTC,2018-02-12 18:59:24 UTC,7402,2811,,false
google/closure-compiler,2018-03-20 15:42:54 UTC,2018-03-23 17:27:06 UTC,4425,2856,,false
google/closure-compiler,2018-12-06 09:42:27 UTC,2018-12-27 22:51:47 UTC,31029,3166,,false
google/closure-compiler,2018-04-22 04:54:06 UTC,2018-05-24 06:03:08 UTC,46149,2901,,false
google/closure-compiler,2018-12-01 03:32:43 UTC,2018-12-07 19:40:09 UTC,9608,3158,,false
google/closure-compiler,2018-03-10 22:40:08 UTC,2018-06-09 04:53:13 UTC,129973,2844,,false
google/closure-compiler,2018-05-06 04:56:34 UTC,2018-05-08 23:46:05 UTC,4010,2914,,false
google/closure-compiler,2018-03-26 21:17:12 UTC,2018-04-10 21:04:55 UTC,21587,2865,,false
google/closure-compiler,2018-06-01 20:27:59 UTC,2018-06-18 19:24:19 UTC,24417,2959,,false
google/closure-compiler,2018-04-22 04:54:06 UTC,2018-04-24 18:06:55 UTC,3672,2901,,false
google/closure-compiler,2018-09-04 11:20:29 UTC,2018-09-19 16:13:16 UTC,21893,3066,,false
google/closure-compiler,2018-10-31 18:00:02 UTC,2018-11-02 06:17:22 UTC,2177,3133,,false
google/closure-compiler,2018-09-18 22:02:29 UTC,2018-09-22 01:03:01 UTC,4501,3076,,false
google/closure-compiler,2018-06-23 18:05:33 UTC,2018-06-28 16:31:49 UTC,7106,2989,,false
google/closure-compiler,2018-02-27 23:54:06 UTC,2018-03-05 21:11:08 UTC,8477,2830,,false
google/closure-compiler,2018-03-26 18:51:06 UTC,2018-03-27 19:53:55 UTC,1502,2863,,false
google/closure-compiler,2018-09-30 14:10:46 UTC,2018-10-04 00:41:47 UTC,4951,3094,,false
google/closure-compiler,2018-06-02 17:56:26 UTC,2018-06-22 10:44:53 UTC,28368,2961,,false
google/closure-compiler,2018-02-11 17:03:05 UTC,2018-02-25 05:55:14 UTC,19492,2814,,false
google/closure-compiler,2018-12-06 02:30:30 UTC,2018-12-21 00:16:31 UTC,21466,3165,,false
google/closure-compiler,2018-12-01 03:32:43 UTC,2018-12-17 21:11:56 UTC,24099,3158,,false
google/closure-compiler,2018-12-06 09:42:27 UTC,2018-12-07 19:40:48 UTC,2038,3166,,false
google/closure-compiler,2018-06-06 12:12:00 UTC,2018-06-18 16:05:21 UTC,17513,2967,,false
google/closure-compiler,2018-06-30 22:16:12 UTC,2018-08-08 03:14:06 UTC,55018,2997,,false
google/closure-compiler,2018-12-01 03:43:55 UTC,2018-12-07 19:40:23 UTC,9597,3159,,false
google/closure-compiler,2018-06-13 19:07:08 UTC,2018-06-13 21:28:47 UTC,141,2972,,false
google/closure-compiler,2018-10-18 14:24:47 UTC,2018-10-19 22:53:35 UTC,1949,3124,,false
google/closure-compiler,2017-10-31 21:43:34 UTC,2018-03-26 18:12:49 UTC,210029,2700,,false
google/closure-compiler,2018-10-13 01:28:53 UTC,2018-10-23 02:15:49 UTC,14447,3107,,false
google/closure-compiler,2018-06-23 07:52:55 UTC,2018-06-25 16:47:49 UTC,3415,2988,,false
google/closure-compiler,2018-05-19 15:33:03 UTC,2018-06-01 22:36:56 UTC,19143,2941,,false
google/closure-compiler,2018-02-18 13:55:25 UTC,2018-03-23 17:27:06 UTC,47732,2823,,false
google/closure-compiler,2018-04-13 17:08:10 UTC,2018-04-17 22:49:39 UTC,6101,2888,,false
google/closure-compiler,2017-04-04 12:35:31 UTC,2018-05-23 23:19:32 UTC,596804,2401,,false
google/closure-compiler,2018-02-07 15:45:57 UTC,2018-02-07 23:58:59 UTC,493,2812,,false
google/closure-compiler,2018-07-02 12:14:53 UTC,2018-07-06 23:04:20 UTC,6410,3001,,false
google/closure-compiler,2018-05-19 11:51:22 UTC,2018-05-31 01:21:55 UTC,16650,2938,,false
google/closure-compiler,2018-09-23 13:09:57 UTC,2018-09-28 15:35:22 UTC,7346,3083,,false
google/closure-compiler,2017-02-07 12:49:44 UTC,2018-06-17 12:47:45 UTC,712798,2286,,false
google/closure-compiler,2018-04-24 13:12:13 UTC,2018-05-05 00:56:11 UTC,15104,2905,,false
google/closure-compiler,2018-05-15 01:05:38 UTC,2018-05-17 17:45:28 UTC,3880,2925,,false
google/closure-compiler,2018-06-19 02:17:30 UTC,2018-06-26 17:05:26 UTC,10968,2979,,false
google/closure-compiler,2018-03-01 06:52:45 UTC,2018-03-22 17:54:03 UTC,30902,2831,,false
google/closure-compiler,2018-12-10 01:59:58 UTC,2018-12-12 02:34:48 UTC,2915,3170,,false
google/closure-compiler,2018-05-19 13:26:39 UTC,2018-06-14 18:45:00 UTC,37759,2940,,false
google/closure-compiler,2018-06-21 17:30:56 UTC,2018-06-25 15:59:05 UTC,5669,2985,,false
google/closure-compiler,2018-06-22 21:57:56 UTC,2018-08-07 00:08:55 UTC,64931,2987,,false
google/closure-compiler,2018-02-25 20:27:10 UTC,2018-02-27 21:01:30 UTC,2914,2829,,false
google/closure-compiler,2017-03-06 13:38:07 UTC,2017-03-10 22:51:48 UTC,6313,2353,,false
google/closure-compiler,2016-04-24 12:53:29 UTC,2017-01-20 18:03:10 UTC,390550,1756,,false
google/closure-compiler,2017-08-02 14:38:18 UTC,2017-08-02 20:36:34 UTC,358,2596,,false
google/closure-compiler,2017-04-24 13:41:44 UTC,2017-05-04 16:37:17 UTC,14576,2453,,false
google/closure-compiler,2017-04-09 12:17:31 UTC,2017-07-18 15:22:09 UTC,144185,2419,,false
google/closure-compiler,2017-01-18 05:08:25 UTC,2017-01-19 00:31:39 UTC,1163,2245,,false
google/closure-compiler,2017-04-23 22:19:36 UTC,2017-04-25 16:54:49 UTC,2555,2451,,false
google/closure-compiler,2017-08-03 02:39:45 UTC,2017-08-03 22:22:56 UTC,1183,2598,,false
google/closure-compiler,2016-12-09 04:59:20 UTC,2017-01-27 22:54:58 UTC,71635,2190,,false
google/closure-compiler,2017-12-07 15:26:25 UTC,2017-12-13 16:06:04 UTC,8680,2745,,false
google/closure-compiler,2017-09-04 20:40:39 UTC,2017-10-13 20:25:00 UTC,56145,2641,,false
google/closure-compiler,2017-03-01 23:00:39 UTC,2017-04-11 19:48:01 UTC,58848,2343,,false
google/closure-compiler,2017-10-13 17:27:41 UTC,2017-10-13 17:40:28 UTC,13,2678,,false
google/closure-compiler,2017-01-13 09:50:16 UTC,2017-01-25 00:53:18 UTC,16743,2235,,false
google/closure-compiler,2017-03-29 23:12:03 UTC,2017-03-30 16:49:24 UTC,1057,2394,,false
google/closure-compiler,2017-03-06 13:40:50 UTC,2017-03-09 17:59:44 UTC,4579,2354,,false
google/closure-compiler,2017-05-07 20:17:05 UTC,2017-08-12 11:30:23 UTC,139153,2482,,false
google/closure-compiler,2017-05-13 01:22:36 UTC,2017-05-25 12:32:32 UTC,17950,2493,,false
google/closure-compiler,2016-04-20 23:41:15 UTC,2017-01-20 18:08:19 UTC,395667,1746,,false
google/closure-compiler,2017-04-03 03:38:05 UTC,2017-04-06 18:29:39 UTC,5211,2399,,false
google/closure-compiler,2017-02-27 02:28:58 UTC,2017-03-03 16:54:57 UTC,6626,2337,,false
google/closure-compiler,2017-12-04 21:44:13 UTC,2017-12-04 23:45:37 UTC,121,2739,,false
google/closure-compiler,2017-02-03 15:57:02 UTC,2017-04-03 23:26:05 UTC,85409,2279,,false
google/closure-compiler,2016-08-19 07:31:21 UTC,2017-04-19 17:26:16 UTC,350515,1966,,false
google/closure-compiler,2017-03-16 19:11:54 UTC,2017-04-08 13:24:05 UTC,32773,2375,,false
google/closure-compiler,2017-02-03 13:30:04 UTC,2017-02-04 00:55:30 UTC,685,2276,,false
google/closure-compiler,2017-01-09 03:30:18 UTC,2017-01-09 17:47:49 UTC,857,2226,,false
google/closure-compiler,2017-11-07 16:09:56 UTC,2017-11-09 18:36:51 UTC,3027,2707,,false
google/closure-compiler,2017-04-09 02:26:08 UTC,2017-06-14 21:04:36 UTC,96158,2418,,false
google/closure-compiler,2017-05-30 14:00:30 UTC,2017-07-18 15:22:10 UTC,70642,2511,,false
google/closure-compiler,2017-11-06 12:38:18 UTC,2017-12-05 18:30:43 UTC,42112,2706,,false
google/closure-compiler,2017-02-03 13:21:29 UTC,2017-02-04 00:55:30 UTC,694,2275,,false
google/closure-compiler,2017-04-24 01:31:40 UTC,2017-05-26 23:25:28 UTC,47394,2452,,false
google/closure-compiler,2017-02-18 15:23:34 UTC,2017-02-27 21:31:21 UTC,13328,2323,,false
google/closure-compiler,2017-01-03 09:22:20 UTC,2017-01-06 19:33:59 UTC,4931,2220,,false
google/closure-compiler,2017-01-16 03:45:36 UTC,2017-02-02 10:11:47 UTC,24866,2238,,false
google/closure-compiler,2017-10-31 00:36:34 UTC,2017-11-09 18:36:51 UTC,14040,2697,,false
google/closure-compiler,2017-11-09 16:43:17 UTC,2017-11-09 17:17:53 UTC,34,2712,,false
google/closure-compiler,2017-03-14 19:47:20 UTC,2017-03-14 22:20:53 UTC,153,2374,,false
google/closure-compiler,2017-02-27 02:49:36 UTC,2017-07-12 20:06:47 UTC,195437,2338,,false
google/closure-compiler,2015-12-22 03:50:21 UTC,2016-01-06 16:12:23 UTC,22342,1329,,false
google/closure-compiler,2016-09-27 13:10:51 UTC,2016-09-28 18:17:04 UTC,1747,2041,,false
google/closure-compiler,2016-02-15 20:27:12 UTC,2016-02-25 18:08:44 UTC,14261,1552,,false
google/closure-compiler,2016-10-22 23:20:22 UTC,2016-10-26 18:19:39 UTC,5459,2095,,false
google/closure-compiler,2016-10-17 19:07:08 UTC,2016-10-18 18:33:57 UTC,1406,2090,,false
google/closure-compiler,2016-01-24 22:32:19 UTC,2016-02-22 21:30:13 UTC,41698,1433,,false
google/closure-compiler,2016-05-03 12:59:47 UTC,2016-05-04 18:49:11 UTC,1790,1766,,false
google/closure-compiler,2016-01-09 19:01:35 UTC,2016-02-19 14:20:37 UTC,58759,1380,,false
google/closure-compiler,2016-04-08 15:56:26 UTC,2016-05-03 12:53:10 UTC,35817,1715,,false
google/closure-compiler,2016-03-15 23:48:38 UTC,2016-03-22 23:20:27 UTC,10052,1662,,false
google/closure-compiler,2016-07-08 19:24:13 UTC,2016-07-08 23:57:39 UTC,273,1882,,false
google/closure-compiler,2016-03-12 03:14:16 UTC,2016-04-04 23:39:26 UTC,34345,1644,,false
google/closure-compiler,2015-11-24 13:23:34 UTC,2016-08-18 18:31:24 UTC,386228,1268,,false
google/closure-compiler,2016-11-10 14:15:15 UTC,2016-11-11 00:24:19 UTC,609,2140,,false
google/closure-compiler,2016-03-10 18:18:29 UTC,2016-04-05 17:14:53 UTC,37376,1630,,false
google/closure-compiler,2016-03-07 22:49:15 UTC,2016-05-11 23:51:07 UTC,93662,1618,,false
google/closure-compiler,2016-04-21 23:32:06 UTC,2016-04-25 16:30:20 UTC,5338,1750,,false
google/closure-compiler,2016-02-22 05:44:39 UTC,2016-02-22 06:17:04 UTC,33,1581,,false
google/closure-compiler,2016-07-15 22:30:50 UTC,2016-09-26 03:34:48 UTC,103984,1896,,false
google/closure-compiler,2016-04-14 19:02:05 UTC,2016-09-20 21:25:43 UTC,229103,1724,,false
google/closure-compiler,2016-08-27 06:44:13 UTC,2016-08-28 15:17:49 UTC,1953,1981,,false
google/closure-compiler,2016-03-31 05:11:05 UTC,2016-03-31 18:35:51 UTC,804,1700,,false
google/closure-compiler,2016-05-03 17:07:52 UTC,2016-05-03 18:03:10 UTC,56,1768,,false
google/closure-compiler,2015-12-23 01:37:12 UTC,2016-01-08 20:43:23 UTC,24186,1335,,false
google/closure-compiler,2016-07-01 23:13:26 UTC,2016-07-07 21:23:24 UTC,8530,1872,,false
google/closure-compiler,2016-03-10 07:03:39 UTC,2016-03-12 00:40:42 UTC,2497,1623,,false
google/closure-compiler,2016-03-10 05:54:31 UTC,2016-03-12 00:40:41 UTC,2566,1622,,false
google/closure-compiler,2017-04-28 07:49:09 UTC,2017-05-01 17:21:30 UTC,4892,2463,,false
google/closure-compiler,2017-04-09 12:17:31 UTC,2017-06-05 16:51:41 UTC,82354,2419,,false
google/closure-compiler,2017-05-16 17:13:17 UTC,2017-05-16 18:07:30 UTC,54,2496,,false
google/closure-compiler,2017-03-06 13:33:25 UTC,2017-03-10 22:51:48 UTC,6318,2352,,false
google/closure-compiler,2017-08-31 00:24:53 UTC,2017-09-04 20:41:51 UTC,6977,2637,,false
google/closure-compiler,2017-05-03 20:35:55 UTC,2017-07-17 19:34:15 UTC,107939,2475,,false
google/closure-compiler,2017-02-04 13:46:14 UTC,2017-02-08 18:26:15 UTC,6040,2281,,false
google/closure-compiler,2017-04-13 20:26:34 UTC,2017-04-20 20:06:19 UTC,10060,2435,,false
google/closure-compiler,2017-04-18 04:15:25 UTC,2017-04-18 05:30:10 UTC,75,2444,,false
google/closure-compiler,2017-06-16 17:06:16 UTC,2017-06-16 17:26:07 UTC,20,2536,,false
google/closure-compiler,2017-04-20 21:24:55 UTC,2017-04-20 21:26:15 UTC,2,2447,,false
google/closure-compiler,2017-08-05 19:44:51 UTC,2017-08-08 20:41:42 UTC,4377,2604,,false
google/closure-compiler,2017-07-26 12:07:35 UTC,2017-07-28 19:03:35 UTC,3296,2579,,false
google/closure-compiler,2016-02-04 22:35:47 UTC,2016-09-26 03:42:28 UTC,337267,1497,,false
google/closure-compiler,2016-10-05 19:37:31 UTC,2016-10-05 23:36:52 UTC,239,2063,,false
google/closure-compiler,2016-10-28 17:19:38 UTC,2016-10-29 00:38:31 UTC,439,2111,,false
google/closure-compiler,2016-11-25 12:27:54 UTC,2016-12-22 05:17:16 UTC,38450,2172,,false
google/closure-compiler,2016-05-26 21:27:00 UTC,2016-05-26 23:40:18 UTC,133,1818,,false
google/closure-compiler,2016-09-02 12:34:57 UTC,2016-09-02 12:46:13 UTC,12,1994,,false
google/closure-compiler,2016-02-15 22:15:07 UTC,2016-02-26 18:34:46 UTC,15619,1553,,false
google/closure-compiler,2016-11-11 23:45:29 UTC,2016-11-16 18:44:30 UTC,6899,2143,,false
google/closure-compiler,2016-01-21 09:55:22 UTC,2016-02-08 19:22:12 UTC,26487,1418,,false
google/closure-compiler,2016-10-10 11:56:20 UTC,2016-10-13 00:13:49 UTC,3617,2078,,false
google/closure-compiler,2016-02-19 20:11:31 UTC,2016-03-10 00:17:40 UTC,27606,1573,,false
google/closure-compiler,2016-05-19 08:12:26 UTC,2016-05-20 23:29:46 UTC,2357,1800,,false
google/closure-compiler,2016-05-05 16:28:46 UTC,2016-08-23 22:49:48 UTC,158781,1774,,false
google/closure-compiler,2016-11-12 19:54:40 UTC,2016-11-15 21:27:58 UTC,4413,2145,,false
google/closure-compiler,2015-12-22 00:29:31 UTC,2016-01-04 22:53:03 UTC,20064,1328,,false
google/closure-compiler,2016-04-07 11:04:04 UTC,2016-04-07 23:19:35 UTC,735,1711,,false
google/closure-compiler,2016-08-28 20:28:04 UTC,2017-02-02 22:10:01 UTC,227622,1984,,false
google/closure-compiler,2017-02-19 11:14:53 UTC,2017-02-27 16:53:11 UTC,11859,2325,,false
google/closure-compiler,2017-01-27 22:47:03 UTC,2017-01-27 22:53:47 UTC,6,2263,,false
google/closure-compiler,2017-03-04 21:36:31 UTC,2017-03-27 23:25:58 UTC,33229,2350,,false
google/closure-compiler,2017-08-29 11:55:49 UTC,2017-08-29 23:01:31 UTC,666,2631,,false
google/closure-compiler,2017-08-16 18:36:47 UTC,2017-10-02 22:21:25 UTC,67905,2619,,false
google/closure-compiler,2017-11-15 00:11:27 UTC,2017-11-28 22:26:04 UTC,20055,2720,,false
google/closure-compiler,2017-12-11 10:35:47 UTC,2017-12-12 00:54:23 UTC,859,2753,,false
google/closure-compiler,2016-03-01 05:55:58 UTC,2017-01-20 18:05:24 UTC,468730,1602,,false
google/closure-compiler,2017-04-13 01:40:22 UTC,2017-04-13 20:20:38 UTC,1120,2431,,false
google/closure-compiler,2017-10-11 22:46:18 UTC,2017-10-13 20:25:00 UTC,2739,2675,,false
google/closure-compiler,2017-02-25 08:34:35 UTC,2017-03-10 22:51:48 UTC,19577,2335,,false
google/closure-compiler,2017-05-02 17:08:25 UTC,2017-05-09 18:58:43 UTC,10190,2472,,false
google/closure-compiler,2017-03-24 17:16:13 UTC,2017-03-29 18:27:37 UTC,7271,2387,,false
google/closure-compiler,2017-10-19 18:46:59 UTC,2017-10-19 19:52:12 UTC,66,2680,,false
google/closure-compiler,2017-06-16 02:26:59 UTC,2017-06-19 23:21:01 UTC,5575,2534,,false
google/closure-compiler,2017-06-28 14:59:26 UTC,2017-07-06 15:21:36 UTC,11542,2548,,false
google/closure-compiler,2017-08-30 22:40:30 UTC,2017-09-01 17:19:18 UTC,2559,2636,,false
google/closure-compiler,2017-07-14 00:12:43 UTC,2017-07-18 15:22:10 UTC,6670,2569,,false
google/closure-compiler,2017-03-14 11:47:59 UTC,2017-03-14 22:28:05 UTC,641,2370,,false
google/closure-compiler,2017-06-11 05:02:55 UTC,2017-11-30 18:20:17 UTC,248478,2527,,false
google/closure-compiler,2017-05-29 14:36:29 UTC,2017-07-26 12:11:19 UTC,83375,2509,,false
google/closure-compiler,2016-08-19 16:21:47 UTC,2016-08-28 18:27:46 UTC,13086,1968,,false
google/closure-compiler,2016-02-03 15:14:07 UTC,2016-02-05 03:46:11 UTC,2192,1490,,false
google/closure-compiler,2016-03-10 00:40:31 UTC,2016-03-10 00:51:01 UTC,11,1621,,false
google/closure-compiler,2016-02-13 18:30:59 UTC,2016-03-22 23:35:29 UTC,55025,1539,,false
google/closure-compiler,2016-10-29 06:57:36 UTC,2016-12-06 00:54:13 UTC,54357,2115,,false
google/closure-compiler,2016-08-18 13:20:45 UTC,2016-08-19 16:30:37 UTC,1630,1962,,false
google/closure-compiler,2016-02-13 18:30:59 UTC,2016-03-22 23:35:16 UTC,55025,1539,,false
google/closure-compiler,2016-07-08 06:56:12 UTC,2016-07-08 23:33:21 UTC,997,1879,,false
google/closure-compiler,2016-07-15 00:21:04 UTC,2016-07-15 20:15:01 UTC,1194,1892,,false
google/closure-compiler,2016-01-09 00:09:49 UTC,2016-07-20 21:20:17 UTC,279191,1378,,false
google/closure-compiler,2016-11-20 13:08:42 UTC,2016-11-21 20:34:29 UTC,1886,2161,,false
google/closure-compiler,2016-10-03 23:41:04 UTC,2016-10-05 00:07:25 UTC,1466,2056,,false
google/closure-compiler,2016-03-16 11:29:42 UTC,2016-03-17 22:36:52 UTC,2107,1664,,false
google/closure-compiler,2016-02-26 17:51:51 UTC,2016-02-26 18:14:57 UTC,23,1590,,false
google/closure-compiler,2016-05-20 11:09:33 UTC,2016-05-20 23:29:46 UTC,740,1802,,false
google/closure-compiler,2016-01-05 14:13:54 UTC,2016-03-17 22:12:12 UTC,104159,1365,,false
google/closure-compiler,2016-03-24 16:27:15 UTC,2016-03-29 23:25:16 UTC,7618,1686,,false
google/closure-compiler,2016-03-02 07:33:59 UTC,2016-03-09 23:43:38 UTC,11050,1606,,false
google/closure-compiler,2015-12-23 01:37:12 UTC,2016-01-08 13:24:50 UTC,23747,1335,,false
google/closure-compiler,2016-03-22 12:13:57 UTC,2016-03-24 01:09:55 UTC,2216,1683,,false
google/closure-compiler,2016-11-13 14:06:22 UTC,2016-11-14 05:00:30 UTC,894,2147,,false
google/closure-compiler,2016-06-30 15:55:16 UTC,2016-07-07 23:28:41 UTC,10533,1870,,false
google/closure-compiler,2016-05-28 20:13:01 UTC,2016-06-03 18:08:40 UTC,8515,1823,,false
google/closure-compiler,2016-03-04 00:36:33 UTC,2016-03-04 18:49:13 UTC,1093,1614,,false
google/closure-compiler,2016-02-13 21:33:31 UTC,2016-02-29 19:47:21 UTC,22934,1541,,false
google/closure-compiler,2016-05-21 13:03:06 UTC,2016-09-21 23:40:14 UTC,177757,1808,,false
google/closure-compiler,2017-04-04 18:03:02 UTC,2017-06-09 16:01:40 UTC,94918,2403,,false
google/closure-compiler,2017-05-09 02:33:06 UTC,2017-06-05 16:54:58 UTC,39741,2485,,false
google/closure-compiler,2017-02-08 14:01:48 UTC,2017-02-08 18:26:16 UTC,265,2291,,false
google/closure-compiler,2017-10-30 12:05:16 UTC,2017-10-31 19:29:15 UTC,1884,2694,,false
google/closure-compiler,2017-03-09 01:38:22 UTC,2017-03-09 15:54:58 UTC,856,2363,,false
google/closure-compiler,2016-10-28 20:05:08 UTC,2017-02-09 00:48:09 UTC,148603,2114,,false
google/closure-compiler,2016-10-16 21:13:48 UTC,2017-02-08 17:39:29 UTC,165386,2088,,false
google/closure-compiler,2017-11-28 02:54:09 UTC,2017-12-04 19:36:18 UTC,9642,2729,,false
google/closure-compiler,2017-04-17 10:28:58 UTC,2017-04-21 02:33:27 UTC,5285,2443,,false
google/closure-compiler,2017-02-07 13:43:23 UTC,2017-03-02 18:29:36 UTC,33406,2287,,false
google/closure-compiler,2017-08-17 03:48:20 UTC,2017-08-18 22:03:40 UTC,2535,2620,,false
google/closure-compiler,2017-02-22 12:53:54 UTC,2017-02-27 21:31:20 UTC,7718,2332,,false
google/closure-compiler,2016-12-15 09:39:56 UTC,2017-01-06 20:14:06 UTC,32315,2201,,false
google/closure-compiler,2017-02-03 11:51:11 UTC,2017-02-08 08:05:28 UTC,6974,2273,,false
google/closure-compiler,2016-08-22 13:17:36 UTC,2016-08-30 23:33:12 UTC,12136,1971,,false
google/closure-compiler,2016-02-18 23:35:24 UTC,2016-03-14 23:52:59 UTC,36017,1564,,false
google/closure-compiler,2016-01-13 12:55:18 UTC,2016-01-13 13:55:29 UTC,60,1390,,false
google/closure-compiler,2016-03-11 16:02:06 UTC,2016-03-12 10:56:08 UTC,1134,1639,,false
google/closure-compiler,2016-04-22 21:51:05 UTC,2016-05-26 21:44:01 UTC,48953,1754,,false
google/closure-compiler,2016-02-19 20:11:31 UTC,2016-02-19 23:00:04 UTC,169,1573,,false
google/closure-compiler,2016-04-22 19:04:36 UTC,2016-04-26 00:09:03 UTC,4625,1753,,false
google/closure-compiler,2016-05-27 01:37:25 UTC,2016-05-27 18:42:15 UTC,1025,1820,,false
google/closure-compiler,2016-01-09 00:09:49 UTC,2016-09-20 00:33:32 UTC,367224,1378,,false
google/closure-compiler,2016-04-08 18:06:37 UTC,2016-04-08 20:14:08 UTC,128,1717,,false
google/closure-compiler,2016-03-13 07:36:42 UTC,2016-03-30 17:27:59 UTC,25071,1649,,false
google/closure-compiler,2016-08-29 13:02:04 UTC,2016-09-20 00:32:53 UTC,30930,1986,,false
google/closure-compiler,2016-04-26 01:46:01 UTC,2016-05-03 17:45:11 UTC,11039,1760,,false
google/closure-compiler,2016-02-14 00:08:13 UTC,2016-02-16 18:34:38 UTC,3986,1544,,false
google/closure-compiler,2016-10-15 20:04:37 UTC,2016-10-17 18:15:29 UTC,2771,2086,,false
google/closure-compiler,2016-03-12 04:10:04 UTC,2016-03-15 05:27:24 UTC,4397,1645,,false
google/closure-compiler,2016-03-10 18:04:08 UTC,2016-03-11 00:19:45 UTC,375,1627,,false
google/closure-compiler,2016-03-03 09:15:50 UTC,2016-03-11 18:10:24 UTC,12055,1608,,false
google/closure-compiler,2016-10-30 13:36:59 UTC,2016-11-03 02:46:00 UTC,5110,2116,,false
google/closure-compiler,2016-08-29 13:59:47 UTC,2016-08-29 22:57:34 UTC,538,1987,,false
google/closure-compiler,2016-12-14 14:50:23 UTC,2016-12-14 17:07:35 UTC,137,2198,,false
google/closure-compiler,2016-08-18 15:03:51 UTC,2016-08-19 09:48:45 UTC,1125,1963,,false
google/closure-compiler,2016-11-08 11:57:48 UTC,2016-11-15 12:28:56 UTC,10111,2133,,false
google/closure-compiler,2016-11-05 12:27:29 UTC,2016-12-03 00:58:25 UTC,39631,2129,,false
google/closure-compiler,2016-02-01 18:44:41 UTC,2016-02-01 18:48:51 UTC,4,1481,,false
google/closure-compiler,2016-03-15 05:43:20 UTC,2016-03-21 19:00:00 UTC,9437,1657,,false
google/closure-compiler,2016-04-01 01:56:21 UTC,2016-04-01 19:44:47 UTC,1068,1701,,false
google/closure-compiler,2016-06-11 09:56:57 UTC,2016-10-30 13:14:01 UTC,203238,1839,,false
google/closure-compiler,2016-04-19 18:28:04 UTC,2016-04-20 06:43:54 UTC,735,1739,,false
google/closure-compiler,2016-08-19 16:21:47 UTC,2016-09-13 23:17:03 UTC,36416,1968,,false
google/closure-compiler,2016-02-27 03:44:07 UTC,2016-03-04 00:22:31 UTC,8438,1594,,false
google/closure-compiler,2017-10-02 16:24:21 UTC,2017-10-05 10:48:58 UTC,3984,2667,,false
google/closure-compiler,2017-02-03 13:46:52 UTC,2017-05-02 02:04:56 UTC,126018,2277,,false
google/closure-compiler,2016-12-01 14:11:05 UTC,2017-03-10 01:10:16 UTC,141779,2181,,false
google/closure-compiler,2017-01-18 06:28:27 UTC,2017-01-30 21:15:11 UTC,18167,2246,,false
google/closure-compiler,2017-05-09 02:33:06 UTC,2017-06-13 00:09:09 UTC,50256,2485,,false
google/closure-compiler,2017-02-15 15:29:17 UTC,2017-02-15 17:14:02 UTC,105,2309,,false
google/closure-compiler,2016-08-27 10:12:36 UTC,2016-09-02 23:36:13 UTC,9444,1982,,false
google/closure-compiler,2016-09-27 00:15:49 UTC,2016-10-13 00:13:49 UTC,23038,2039,,false
google/closure-compiler,2016-02-13 18:30:59 UTC,2016-02-25 18:04:46 UTC,17254,1539,,false
google/closure-compiler,2016-11-09 18:24:13 UTC,2016-11-21 19:59:01 UTC,17375,2137,,false
google/closure-compiler,2016-04-24 00:20:04 UTC,2016-05-11 19:24:20 UTC,25624,1755,,false
google/closure-compiler,2016-01-20 10:05:58 UTC,2016-08-23 22:49:48 UTC,311804,1410,,false
google/closure-compiler,2015-12-28 17:06:49 UTC,2016-01-14 02:49:02 UTC,23623,1348,,false
google/closure-compiler,2016-06-13 15:38:28 UTC,2016-09-23 22:35:28 UTC,147297,1843,,false
google/closure-compiler,2016-03-11 22:00:31 UTC,2016-04-27 22:56:55 UTC,67736,1641,,false
google/closure-compiler,2016-03-03 10:49:48 UTC,2016-03-04 18:47:54 UTC,1918,1610,,false
google/closure-compiler,2016-02-13 23:01:22 UTC,2016-02-17 00:45:36 UTC,4424,1542,,false
google/closure-compiler,2016-06-11 09:08:29 UTC,2016-06-15 23:14:04 UTC,6606,1838,,false
google/closure-compiler,2016-02-09 00:43:20 UTC,2016-02-12 00:26:38 UTC,4303,1510,,false
google/closure-compiler,2016-09-19 22:37:57 UTC,2016-09-21 23:40:14 UTC,2943,2019,,false
google/closure-compiler,2016-09-26 14:38:30 UTC,2016-09-26 18:59:32 UTC,261,2036,,false
google/closure-compiler,2015-09-09 08:52:13 UTC,2016-01-05 14:14:58 UTC,170242,1123,,false
google/closure-compiler,2016-08-02 11:59:36 UTC,2016-08-25 00:26:15 UTC,32427,1930,,false
google/closure-compiler,2016-01-29 20:59:11 UTC,2016-01-29 21:00:13 UTC,1,1467,,false
google/closure-compiler,2016-06-09 17:51:57 UTC,2016-06-10 23:55:01 UTC,1804,1835,,false
google/closure-compiler,2017-05-07 13:13:57 UTC,2017-05-30 23:20:05 UTC,33727,2481,,false
google/closure-compiler,2016-11-13 16:12:57 UTC,2016-11-14 19:01:04 UTC,1609,2149,,false
google/closure-compiler,2016-11-11 00:19:39 UTC,2016-11-11 16:44:23 UTC,985,2142,,false
google/closure-compiler,2017-03-20 12:40:56 UTC,2017-04-03 23:26:05 UTC,20806,2379,,false
google/closure-compiler,2016-03-14 01:22:40 UTC,2016-08-29 19:31:51 UTC,243009,1651,,false
google/closure-compiler,2016-03-14 10:28:28 UTC,2016-08-23 00:03:35 UTC,232655,1652,,false
google/closure-compiler,2016-08-05 15:36:22 UTC,2016-08-31 19:11:55 UTC,37655,1938,,false
google/closure-compiler,2016-10-09 09:58:48 UTC,2016-10-13 00:13:49 UTC,5175,2074,,false
google/closure-compiler,2017-10-03 11:25:45 UTC,2017-10-04 21:10:09 UTC,2025,2668,,false
google/closure-compiler,2016-10-26 14:55:02 UTC,2016-10-31 23:05:49 UTC,7690,2103,,false
google/closure-compiler,2016-11-16 20:26:14 UTC,2016-11-19 02:11:57 UTC,3225,2155,,false
google/closure-compiler,2016-04-22 18:15:00 UTC,2016-04-22 18:31:57 UTC,16,1752,,false
google/closure-compiler,2017-11-15 23:22:26 UTC,2017-11-17 00:15:34 UTC,1493,2721,,false
google/closure-compiler,2016-03-08 21:05:52 UTC,2016-03-22 23:20:27 UTC,20295,1619,,false
google/closure-compiler,2016-08-08 10:07:48 UTC,2016-08-29 23:51:04 UTC,31064,1940,,false
google/closure-compiler,2015-12-29 15:57:25 UTC,2016-01-11 21:16:19 UTC,19039,1350,,false
google/closure-compiler,2017-09-12 02:18:37 UTC,2017-09-12 23:16:03 UTC,1258,2649,,false
google/closure-compiler,2016-09-25 17:58:32 UTC,2016-09-26 18:59:32 UTC,1501,2032,,false
google/closure-compiler,2016-04-14 20:00:09 UTC,2016-04-27 17:42:32 UTC,18582,1726,,false
google/closure-compiler,2017-03-29 21:29:32 UTC,2017-04-14 15:27:05 UTC,22678,2392,,false
google/closure-compiler,2016-08-19 11:22:38 UTC,2016-08-26 23:37:54 UTC,10815,1967,,false
google/closure-compiler,2016-01-30 01:52:43 UTC,2016-01-30 02:04:17 UTC,12,1468,,false
google/closure-compiler,2017-08-22 03:21:36 UTC,2017-11-28 16:05:18 UTC,141884,2627,,false
google/closure-compiler,2016-02-14 01:19:27 UTC,2016-02-19 00:23:00 UTC,7144,1545,,false
google/closure-compiler,2016-11-18 19:51:40 UTC,2016-11-19 01:28:13 UTC,337,2159,,false
google/closure-compiler,2016-04-08 17:49:30 UTC,2016-04-08 20:14:08 UTC,145,1716,,false
google/closure-compiler,2016-02-19 08:41:49 UTC,2016-02-25 18:23:02 UTC,9222,1570,,false
google/closure-compiler,2016-09-26 13:09:50 UTC,2017-05-02 23:57:54 UTC,314568,2035,,false
google/closure-compiler,2017-03-06 13:25:42 UTC,2017-03-10 22:51:48 UTC,6326,2351,,false
google/closure-compiler,2017-12-04 22:11:35 UTC,2017-12-12 00:54:23 UTC,10243,2740,,false
google/closure-compiler,2017-02-20 14:24:07 UTC,2017-02-27 21:31:20 UTC,10507,2329,,false
google/closure-compiler,2017-03-07 12:24:11 UTC,2017-03-09 17:59:44 UTC,3215,2357,,false
google/closure-compiler,2017-11-14 14:45:01 UTC,2017-12-04 23:45:37 UTC,29340,2719,,false
google/closure-compiler,2017-09-04 20:40:39 UTC,2017-10-18 22:35:54 UTC,63475,2641,,false
google/closure-compiler,2017-10-30 12:26:42 UTC,2017-11-21 22:41:09 UTC,32295,2695,,false
google/closure-compiler,2017-03-29 18:58:52 UTC,2017-03-29 19:02:56 UTC,4,2391,,false
google/closure-compiler,2017-08-02 22:31:59 UTC,2017-10-04 21:10:09 UTC,90639,2597,,false
google/closure-compiler,2017-10-31 21:37:34 UTC,2017-11-07 18:23:49 UTC,9886,2699,,false
google/closure-compiler,2017-01-16 03:45:36 UTC,2017-02-04 00:58:42 UTC,27193,2238,,false
google/closure-compiler,2017-11-23 20:00:54 UTC,2017-11-30 18:20:17 UTC,9980,2726,,false
google/closure-compiler,2016-02-25 18:58:43 UTC,2016-02-25 21:53:45 UTC,175,1588,,false
google/closure-compiler,2016-11-11 00:19:39 UTC,2016-11-12 00:20:21 UTC,1441,2142,,false
google/closure-compiler,2016-11-04 22:11:35 UTC,2016-11-11 17:55:37 UTC,9824,2126,,false
google/closure-compiler,2016-08-29 11:26:08 UTC,2016-08-31 19:11:55 UTC,3345,1985,,false
google/closure-compiler,2016-11-01 23:12:42 UTC,2016-11-02 22:58:22 UTC,1426,2121,,false
google/closure-compiler,2016-01-09 00:09:49 UTC,2016-05-09 22:57:08 UTC,175608,1378,,false
google/closure-compiler,2016-10-22 01:25:20 UTC,2016-11-02 20:28:31 UTC,16983,2094,,false
google/closure-compiler,2016-06-06 18:26:51 UTC,2016-06-06 23:16:28 UTC,290,1829,,false
google/closure-compiler,2016-05-12 10:50:54 UTC,2016-05-16 21:11:16 UTC,6381,1790,,false
google/closure-compiler,2016-11-17 11:50:53 UTC,2016-11-21 20:34:29 UTC,6284,2156,,false
google/closure-compiler,2016-03-10 18:10:46 UTC,2016-03-25 23:15:00 UTC,21905,1628,,false
google/closure-compiler,2016-02-01 02:23:19 UTC,2016-02-19 22:53:00 UTC,27150,1476,,false
google/closure-compiler,2015-11-24 00:22:19 UTC,2016-05-12 23:58:22 UTC,246216,1267,,false
google/closure-compiler,2016-09-21 13:45:46 UTC,2016-10-13 23:52:40 UTC,32287,2024,,false
google/closure-compiler,2016-04-08 15:56:26 UTC,2016-05-03 13:06:08 UTC,35830,1715,,false
google/closure-compiler,2016-03-02 07:33:59 UTC,2016-03-10 18:40:45 UTC,12187,1606,,false
google/closure-compiler,2016-03-13 06:36:57 UTC,2016-03-15 17:23:27 UTC,3527,1647,,false
google/closure-compiler,2015-10-24 15:07:17 UTC,2016-01-20 14:27:22 UTC,126680,1228,,false
google/closure-compiler,2016-03-27 02:06:58 UTC,2016-04-04 18:38:54 UTC,12512,1690,,false
google/closure-compiler,2016-01-27 04:23:03 UTC,2016-02-12 18:46:23 UTC,23903,1451,,false
google/closure-compiler,2016-05-11 00:45:05 UTC,2016-05-15 03:16:17 UTC,5911,1787,,false
google/closure-compiler,2016-05-10 01:25:07 UTC,2016-05-10 01:32:09 UTC,7,1784,,false
google/closure-compiler,2016-03-11 13:24:24 UTC,2016-03-12 00:40:41 UTC,676,1637,,false
google/closure-compiler,2016-02-15 20:27:12 UTC,2016-04-25 19:38:24 UTC,100751,1552,,false
google/closure-compiler,2016-01-20 23:45:15 UTC,2016-01-22 00:08:21 UTC,1463,1415,,false
google/closure-compiler,2016-08-02 22:08:45 UTC,2016-08-02 22:12:41 UTC,4,1931,,false
google/closure-compiler,2016-10-28 20:05:08 UTC,2016-11-03 02:37:48 UTC,7592,2114,,false
google/closure-compiler,2016-06-16 15:07:58 UTC,2016-07-08 06:52:01 UTC,31185,1850,,false
google/closure-compiler,2016-02-05 13:42:21 UTC,2016-02-05 19:44:15 UTC,362,1499,,false
google/closure-compiler,2016-11-13 02:53:58 UTC,2016-12-02 00:28:35 UTC,27215,2146,,false
google/closure-compiler,2016-01-06 12:17:02 UTC,2016-02-05 03:46:11 UTC,42689,1369,,false
google/closure-compiler,2015-12-28 10:32:59 UTC,2016-01-04 19:47:09 UTC,10635,1343,,false
google/closure-compiler,2016-03-15 20:19:20 UTC,2016-03-15 23:33:46 UTC,194,1660,,false
google/closure-compiler,2016-04-08 20:51:48 UTC,2016-04-12 23:27:36 UTC,5916,1718,,false
google/closure-compiler,2015-12-28 10:34:30 UTC,2016-01-20 14:13:20 UTC,33339,1347,,false
google/closure-compiler,2016-09-12 18:13:29 UTC,2016-09-15 23:32:56 UTC,4639,2008,,false
google/closure-compiler,2016-03-13 03:16:47 UTC,2016-03-23 18:08:49 UTC,15292,1646,,false
google/closure-compiler,2016-02-25 18:58:43 UTC,2016-02-25 20:55:06 UTC,117,1588,,false
google/closure-compiler,2016-11-14 11:18:00 UTC,2016-11-15 19:35:13 UTC,1937,2150,,false
google/closure-compiler,2016-06-16 15:07:58 UTC,2016-07-08 17:54:44 UTC,31847,1850,,false
google/closure-compiler,2016-02-26 19:26:26 UTC,2016-03-23 17:56:29 UTC,37350,1591,,false
google/closure-compiler,2016-05-03 13:35:41 UTC,2016-05-03 13:45:40 UTC,10,1767,,false
google/closure-compiler,2016-04-15 05:40:26 UTC,2016-04-28 23:24:14 UTC,19784,1728,,false
google/closure-compiler,2016-03-11 10:55:01 UTC,2016-03-15 23:42:02 UTC,6527,1634,,false
google/closure-compiler,2016-10-03 09:13:14 UTC,2016-10-04 00:03:12 UTC,890,2054,,false
google/closure-compiler,2016-06-29 11:43:56 UTC,2016-07-13 23:53:19 UTC,20890,1867,,false
google/closure-compiler,2016-02-27 01:45:55 UTC,2016-03-04 18:52:18 UTC,9667,1593,,false
google/closure-compiler,2016-10-30 13:36:59 UTC,2016-11-17 00:29:32 UTC,25133,2116,,false
google/closure-compiler,2016-12-15 00:06:58 UTC,2016-12-16 00:30:16 UTC,1464,2200,,false
google/closure-compiler,2016-05-11 23:46:07 UTC,2016-09-23 21:57:56 UTC,194291,1788,,false
google/closure-compiler,2016-10-17 07:31:31 UTC,2016-10-17 23:22:25 UTC,951,2089,,false
google/closure-compiler,2016-07-01 13:39:46 UTC,2016-07-01 18:36:27 UTC,297,1871,,false
google/closure-compiler,2017-02-22 11:40:11 UTC,2017-02-22 22:19:04 UTC,639,2331,,false
google/closure-compiler,2016-01-27 16:03:53 UTC,2016-02-17 00:49:57 UTC,29326,1457,,false
google/closure-compiler,2016-11-02 14:45:23 UTC,2016-11-02 17:25:19 UTC,160,2123,,false
google/closure-compiler,2017-10-28 11:23:16 UTC,2017-11-14 23:55:04 UTC,25232,2691,,false
google/closure-compiler,2017-05-16 03:17:07 UTC,2017-05-18 21:04:36 UTC,3947,2495,,false
google/closure-compiler,2016-03-29 18:54:13 UTC,2016-03-30 23:25:03 UTC,1711,1695,,false
google/closure-compiler,2017-02-16 15:53:50 UTC,2017-02-21 23:54:09 UTC,7681,2313,,false
google/closure-compiler,2016-03-10 18:13:03 UTC,2016-03-14 23:46:45 UTC,6093,1629,,false
google/closure-compiler,2016-10-15 19:24:07 UTC,2016-10-18 22:10:21 UTC,4486,2085,,false
google/closure-compiler,2016-11-13 14:06:22 UTC,2016-11-16 18:44:29 UTC,4598,2147,,false
google/closure-compiler,2016-10-22 01:25:20 UTC,2016-11-04 17:26:34 UTC,19681,2094,,false
google/closure-compiler,2016-02-20 14:36:10 UTC,2016-02-20 17:37:41 UTC,181,1575,,false
google/closure-compiler,2016-10-03 07:51:41 UTC,2016-10-26 23:32:40 UTC,34061,2053,,false
google/closure-compiler,2017-07-11 11:45:42 UTC,2017-07-18 15:22:09 UTC,10297,2564,,false
google/closure-compiler,2016-02-23 21:10:42 UTC,2016-02-25 20:55:41 UTC,2865,1583,,false
google/closure-compiler,2016-07-14 18:05:03 UTC,2016-07-15 20:15:01 UTC,1570,1891,,false
google/closure-compiler,2017-06-30 15:15:07 UTC,2017-07-11 22:36:49 UTC,16281,2554,,false
google/closure-compiler,2017-08-04 05:13:31 UTC,2017-08-08 23:18:34 UTC,6845,2600,,false
google/closure-compiler,2016-08-17 19:27:53 UTC,2017-03-09 17:59:44 UTC,293672,1959,,false
google/closure-compiler,2016-11-05 21:15:53 UTC,2017-01-28 00:37:02 UTC,119722,2130,,false
google/closure-compiler,2017-03-19 16:09:52 UTC,2017-04-11 19:48:01 UTC,33339,2378,,false
google/closure-compiler,2016-03-10 08:54:26 UTC,2017-01-20 18:06:30 UTC,455592,1624,,false
google/closure-compiler,2017-01-16 03:45:36 UTC,2017-01-19 00:31:39 UTC,4126,2238,,false
google/closure-compiler,2016-03-15 07:25:46 UTC,2017-02-07 23:52:00 UTC,474747,1658,,false
google/closure-compiler,2017-02-06 18:47:54 UTC,2017-02-15 16:53:52 UTC,12846,2283,,false
google/closure-compiler,2016-12-07 01:05:09 UTC,2016-12-07 04:17:31 UTC,192,2185,,false
google/closure-compiler,2016-03-16 16:59:23 UTC,2016-03-16 23:07:12 UTC,368,1666,,false
google/closure-compiler,2016-01-24 20:07:24 UTC,2016-04-22 17:46:21 UTC,128019,1432,,false
google/closure-compiler,2016-02-12 18:39:44 UTC,2016-02-23 04:28:21 UTC,14989,1530,,false
google/closure-compiler,2016-09-07 09:46:38 UTC,2016-09-12 23:46:30 UTC,8040,2003,,false
google/closure-compiler,2016-03-14 01:22:31 UTC,2016-07-08 23:33:21 UTC,168371,1650,,false
google/closure-compiler,2016-03-01 02:26:30 UTC,2016-03-05 00:49:02 UTC,5663,1599,,false
google/closure-compiler,2016-12-23 08:25:07 UTC,2017-01-12 21:20:02 UTC,29575,2213,,false
google/closure-compiler,2016-09-26 03:33:39 UTC,2016-09-26 18:59:32 UTC,926,2034,,false
google/closure-compiler,2016-03-11 19:29:59 UTC,2016-03-12 00:40:41 UTC,311,1640,,false
google/closure-compiler,2017-02-11 15:11:40 UTC,2017-02-15 16:53:52 UTC,5862,2300,,false
google/closure-compiler,2016-08-02 11:13:31 UTC,2016-08-23 22:49:48 UTC,30936,1928,,false
google/closure-compiler,2016-11-28 00:00:47 UTC,2016-11-28 22:11:30 UTC,1331,2173,,false
google/closure-compiler,2017-02-09 12:41:12 UTC,2017-02-10 00:20:19 UTC,699,2294,,false
google/closure-compiler,2016-03-10 13:31:12 UTC,2016-03-15 23:33:46 UTC,7802,1626,,false
google/closure-compiler,2017-08-30 14:41:29 UTC,2017-08-30 22:50:35 UTC,489,2633,,false
google/closure-compiler,2016-05-21 12:46:17 UTC,2016-10-15 20:00:43 UTC,212114,1807,,false
google/closure-compiler,2016-09-07 07:37:12 UTC,2016-09-26 03:43:06 UTC,27126,2002,,false
google/closure-compiler,2016-03-15 23:48:56 UTC,2016-03-17 23:34:28 UTC,2866,1663,,false
google/closure-compiler,2017-04-27 22:06:23 UTC,2017-05-01 18:07:33 UTC,5521,2461,,false
google/closure-compiler,2016-03-03 09:21:11 UTC,2016-03-11 00:19:45 UTC,10978,1609,,false
google/closure-compiler,2015-12-11 22:16:10 UTC,2016-02-23 04:20:00 UTC,105484,1293,,false
google/closure-compiler,2016-03-21 02:14:31 UTC,2016-03-29 00:05:45 UTC,11391,1678,,false
google/closure-compiler,2016-03-16 13:53:43 UTC,2016-03-21 19:00:00 UTC,7507,1665,,false
google/closure-compiler,2017-03-09 01:38:22 UTC,2017-03-14 16:14:44 UTC,8076,2363,,false
google/closure-compiler,2017-02-09 01:25:04 UTC,2017-02-09 02:09:36 UTC,44,2292,,false
google/closure-compiler,2015-09-12 02:41:13 UTC,2016-04-07 20:34:58 UTC,300593,1132,,false
google/closure-compiler,2016-01-05 00:59:17 UTC,2016-08-23 00:01:32 UTC,332582,1363,,false
google/closure-compiler,2016-04-22 21:51:05 UTC,2016-05-06 22:22:51 UTC,20191,1754,,false
google/closure-compiler,2016-02-15 18:53:09 UTC,2016-03-14 23:46:45 UTC,40613,1551,,false
google/closure-compiler,2016-09-01 06:30:34 UTC,2016-09-02 18:51:37 UTC,2181,1991,,false
google/closure-compiler,2017-03-14 11:40:34 UTC,2017-03-23 18:04:35 UTC,13344,2369,,false
google/closure-compiler,2016-03-03 21:48:14 UTC,2016-03-03 21:53:43 UTC,5,1612,,false
google/closure-compiler,2017-10-05 16:17:02 UTC,2017-10-10 20:11:17 UTC,7434,2673,,false
google/closure-compiler,2017-02-24 12:46:18 UTC,2017-03-02 18:29:36 UTC,8983,2334,,false
google/closure-compiler,2017-03-20 15:38:33 UTC,2017-03-21 20:19:48 UTC,1721,2380,,false
google/closure-compiler,2016-09-22 16:44:41 UTC,2016-09-22 17:32:59 UTC,48,2026,,false
google/closure-compiler,2015-10-07 10:06:52 UTC,2016-01-05 17:35:41 UTC,130049,1192,,false
google/closure-compiler,2016-03-13 07:25:01 UTC,2016-06-20 20:58:37 UTC,143373,1648,,false
google/closure-compiler,2016-07-17 14:13:28 UTC,2016-07-19 00:05:46 UTC,2032,1898,,false
google/closure-compiler,2016-01-04 16:58:31 UTC,2016-01-04 22:37:07 UTC,339,1362,"""2016-01-04T22:37:07Z""",true
google/closure-compiler,2015-12-30 22:31:17 UTC,2016-01-08 13:20:08 UTC,12409,1354,"""2016-01-08T13:20:08Z""",true
google/closure-compiler,2015-12-25 12:56:05 UTC,2016-01-08 13:22:45 UTC,20186,1342,"""2016-01-08T13:22:45Z""",true
google/closure-compiler,2015-12-03 21:30:24 UTC,2016-01-08 13:27:09 UTC,51357,1280,"""2016-01-08T13:27:09Z""",true
google/closure-compiler,2015-12-21 15:01:34 UTC,2016-01-08 21:26:22 UTC,26305,1322,"""2016-01-08T21:26:22Z""",true
google/closure-compiler,2016-01-05 17:35:19 UTC,2016-01-09 18:31:34 UTC,5816,1366,"""2016-01-09T18:31:34Z""",true
google/closure-compiler,2016-01-10 06:13:11 UTC,2016-01-11 05:34:09 UTC,1401,1381,"""2016-01-11T05:34:09Z""",true
google/closure-compiler,2016-01-08 20:40:38 UTC,2016-01-12 15:25:11 UTC,5445,1377,"""2016-01-12T15:25:11Z""",true
google/closure-compiler,2016-01-12 11:35:29 UTC,2016-01-13 13:53:19 UTC,1578,1385,"""2016-01-13T13:53:19Z""",true
google/closure-compiler,2016-01-13 00:43:18 UTC,2016-01-13 17:26:09 UTC,1003,1387,"""2016-01-13T17:26:09Z""",true
google/closure-compiler,2015-12-28 17:06:49 UTC,2016-01-14 16:36:32 UTC,24450,1348,"""2016-01-14T16:36:32Z""",true
google/closure-compiler,2016-01-13 11:24:26 UTC,2016-01-14 17:11:47 UTC,1787,1389,"""2016-01-14T17:11:47Z""",true
google/closure-compiler,2016-01-14 03:30:16 UTC,2016-01-15 18:20:48 UTC,2330,1395,"""2016-01-15T18:20:48Z""",true
google/closure-compiler,2016-01-20 14:09:30 UTC,2016-01-20 16:53:11 UTC,164,1412,"""2016-01-20T16:53:11Z""",true
google/closure-compiler,2016-01-20 14:26:54 UTC,2016-01-20 17:45:29 UTC,199,1413,"""2016-01-20T17:45:29Z""",true
google/closure-compiler,2015-12-22 03:50:21 UTC,2016-01-20 18:47:19 UTC,42657,1329,"""2016-01-20T18:47:19Z""",true
google/closure-compiler,2016-01-20 23:53:16 UTC,2016-01-20 23:57:30 UTC,4,1416,"""2016-01-20T23:57:30Z""",true
google/closure-compiler,2016-01-22 18:48:06 UTC,2016-01-22 18:57:41 UTC,9,1423,"""2016-01-22T18:57:41Z""",true
google/closure-compiler,2016-01-23 02:52:00 UTC,2016-01-23 16:57:33 UTC,845,1424,"""2016-01-23T16:57:33Z""",true
google/closure-compiler,2016-01-27 04:36:48 UTC,2016-01-27 07:40:56 UTC,184,1452,"""2016-01-27T07:40:56Z""",true
google/closure-compiler,2016-01-29 11:40:18 UTC,2016-01-29 12:52:10 UTC,72,1464,"""2016-01-29T12:52:10Z""",true
google/closure-compiler,2016-01-28 23:14:00 UTC,2016-01-29 12:54:24 UTC,820,1463,"""2016-01-29T12:54:24Z""",true
google/closure-compiler,2016-01-20 08:57:19 UTC,2016-01-29 17:44:53 UTC,13487,1409,"""2016-01-29T17:44:53Z""",true
google/closure-compiler,2016-01-28 15:04:09 UTC,2016-01-29 18:14:14 UTC,1630,1461,"""2016-01-29T18:14:14Z""",true
google/closure-compiler,2016-01-30 13:47:29 UTC,2016-01-30 18:12:15 UTC,265,1473,"""2016-01-30T18:12:15Z""",true
google/closure-compiler,2016-01-30 04:36:50 UTC,2016-01-30 19:27:17 UTC,891,1469,"""2016-01-30T19:27:17Z""",true
google/closure-compiler,2016-01-30 09:29:16 UTC,2016-01-30 19:34:52 UTC,605,1470,"""2016-01-30T19:34:52Z""",true
google/closure-compiler,2016-01-20 08:54:55 UTC,2016-01-30 20:14:51 UTC,15080,1408,"""2016-01-30T20:14:51Z""",true
google/closure-compiler,2016-01-18 14:55:32 UTC,2016-01-31 19:17:05 UTC,18982,1406,"""2016-01-31T19:17:05Z""",true
google/closure-compiler,2016-01-22 12:45:00 UTC,2016-01-31 19:26:27 UTC,13361,1420,"""2016-01-31T19:26:27Z""",true
google/closure-compiler,2016-01-01 01:49:39 UTC,2016-02-01 04:31:01 UTC,44802,1359,"""2016-02-01T04:31:01Z""",true
google/closure-compiler,2016-02-01 15:46:14 UTC,2016-02-01 18:25:27 UTC,159,1478,"""2016-02-01T18:25:27Z""",true
google/closure-compiler,2016-02-01 22:42:18 UTC,2016-02-01 22:46:30 UTC,4,1484,"""2016-02-01T22:46:30Z""",true
google/closure-compiler,2016-02-02 16:41:00 UTC,2016-02-02 18:29:42 UTC,108,1486,"""2016-02-02T18:29:41Z""",true
google/closure-compiler,2016-02-01 18:12:09 UTC,2016-02-02 20:36:14 UTC,1584,1480,"""2016-02-02T20:36:14Z""",true
google/closure-compiler,2016-02-02 21:37:01 UTC,2016-02-03 05:49:01 UTC,492,1487,"""2016-02-03T05:49:01Z""",true
google/closure-compiler,2016-02-05 14:35:59 UTC,2016-02-05 17:42:38 UTC,187,1500,"""2016-02-05T17:42:38Z""",true
google/closure-compiler,2016-02-05 21:06:39 UTC,2016-02-05 21:16:45 UTC,10,1501,"""2016-02-05T21:16:45Z""",true
google/closure-compiler,2016-02-07 02:01:17 UTC,2016-02-08 19:03:03 UTC,2462,1503,"""2016-02-08T19:03:03Z""",true
google/closure-compiler,2016-02-03 19:46:54 UTC,2016-02-08 19:17:37 UTC,7171,1491,"""2016-02-08T19:17:37Z""",true
google/closure-compiler,2016-02-04 07:32:42 UTC,2016-02-08 20:48:53 UTC,6556,1493,"""2016-02-08T20:48:53Z""",true
google/closure-compiler,2016-02-08 22:21:52 UTC,2016-02-08 22:21:58 UTC,0,1508,"""2016-02-08T22:21:58Z""",true
google/closure-compiler,2016-02-08 23:46:50 UTC,2016-02-09 18:06:46 UTC,1100,1509,"""2016-02-09T18:06:46Z""",true
google/closure-compiler,2016-02-10 15:48:58 UTC,2016-02-10 17:26:19 UTC,98,1516,"""2016-02-10T17:26:19Z""",true
google/closure-compiler,2016-02-10 15:07:25 UTC,2016-02-10 17:34:01 UTC,147,1514,"""2016-02-10T17:34:01Z""",true
google/closure-compiler,2016-02-10 06:02:04 UTC,2016-02-10 19:23:27 UTC,801,1512,"""2016-02-10T19:23:27Z""",true
google/closure-compiler,2016-01-14 08:28:53 UTC,2016-02-10 19:51:36 UTC,39563,1398,"""2016-02-10T19:51:36Z""",true
google/closure-compiler,2016-02-10 20:13:53 UTC,2016-02-10 21:55:13 UTC,102,1523,"""2016-02-10T21:55:13Z""",true
google/closure-compiler,2016-02-03 02:44:06 UTC,2016-02-11 17:44:28 UTC,12420,1488,"""2016-02-11T17:44:28Z""",true
google/closure-compiler,2016-01-29 20:59:11 UTC,2016-02-11 19:51:56 UTC,18652,1467,"""2016-02-11T19:51:56Z""",true
google/closure-compiler,2016-02-11 20:34:49 UTC,2016-02-11 20:37:34 UTC,3,1527,"""2016-02-11T20:37:34Z""",true
google/closure-compiler,2016-02-11 21:10:21 UTC,2016-02-12 03:57:31 UTC,407,1528,"""2016-02-12T03:57:31Z""",true
google/closure-compiler,2016-02-15 14:27:38 UTC,2016-02-16 20:16:56 UTC,1789,1549,"""2016-02-16T20:16:56Z""",true
google/closure-compiler,2016-02-13 07:11:22 UTC,2016-02-17 20:08:13 UTC,6537,1537,"""2016-02-17T20:08:13Z""",true
google/closure-compiler,2016-02-17 19:46:16 UTC,2016-02-18 06:58:24 UTC,672,1558,"""2016-02-18T06:58:24Z""",true
google/closure-compiler,2016-02-15 10:49:07 UTC,2016-02-18 07:04:12 UTC,4095,1547,"""2016-02-18T07:04:12Z""",true
google/closure-compiler,2016-02-18 03:05:40 UTC,2016-02-18 20:07:17 UTC,1022,1559,"""2016-02-18T20:07:17Z""",true
google/closure-compiler,2016-02-13 07:00:03 UTC,2016-02-18 20:44:02 UTC,8024,1536,"""2016-02-18T20:44:02Z""",true
google/closure-compiler,2016-02-13 05:55:44 UTC,2016-02-18 20:45:23 UTC,8090,1535,"""2016-02-18T20:45:23Z""",true
google/closure-compiler,2016-02-18 18:56:43 UTC,2016-02-18 20:55:31 UTC,119,1562,"""2016-02-18T20:55:31Z""",true
google/closure-compiler,2016-02-10 05:54:40 UTC,2016-02-18 22:25:17 UTC,12511,1511,"""2016-02-18T22:25:17Z""",true
google/closure-compiler,2016-02-19 01:49:04 UTC,2016-02-19 01:51:03 UTC,2,1565,"""2016-02-19T01:51:03Z""",true
google/closure-compiler,2016-02-19 02:48:13 UTC,2016-02-19 02:53:16 UTC,5,1566,"""2016-02-19T02:53:16Z""",true
google/closure-compiler,2016-02-19 03:07:35 UTC,2016-02-19 05:02:40 UTC,115,1568,"""2016-02-19T05:02:40Z""",true
google/closure-compiler,2016-02-19 02:58:25 UTC,2016-02-20 02:42:38 UTC,1424,1567,"""2016-02-20T02:42:38Z""",true
google/closure-compiler,2016-02-19 09:04:23 UTC,2016-02-20 02:43:38 UTC,1059,1571,"""2016-02-20T02:43:38Z""",true
google/closure-compiler,2015-11-23 23:31:41 UTC,2016-02-20 07:49:52 UTC,127218,1266,"""2016-02-20T07:49:52Z""",true
google/closure-compiler,2016-02-20 11:43:06 UTC,2016-02-20 12:06:30 UTC,23,1574,"""2016-02-20T12:06:30Z""",true
google/closure-compiler,2016-02-01 02:23:19 UTC,2016-02-20 14:41:06 UTC,28098,1476,"""2016-02-20T14:41:06Z""",true
google/closure-compiler,2016-02-21 01:11:12 UTC,2016-02-21 16:19:02 UTC,908,1576,"""2016-02-21T16:19:02Z""",true
google/closure-compiler,2016-02-22 02:38:19 UTC,2016-02-22 05:18:15 UTC,160,1580,"""2016-02-22T05:18:15Z""",true
google/closure-compiler,2016-03-02 06:06:17 UTC,2016-03-02 06:10:02 UTC,4,1604,"""2016-03-02T06:10:02Z""",true
google/closure-compiler,2016-03-11 22:25:37 UTC,2016-03-12 22:19:31 UTC,1434,1642,"""2016-03-12T22:19:31Z""",true
google/closure-compiler,2015-12-03 21:57:23 UTC,2016-03-13 06:41:07 UTC,144524,1281,"""2016-03-13T06:41:07Z""",true
google/closure-compiler,2016-03-21 19:32:25 UTC,2016-03-21 19:38:48 UTC,6,1679,"""2016-03-21T19:38:48Z""",true
google/closure-compiler,2016-03-30 23:50:57 UTC,2016-04-01 19:45:33 UTC,2635,1699,"""2016-04-01T19:45:33Z""",true
google/closure-compiler,2016-04-01 01:56:21 UTC,2016-04-01 21:32:01 UTC,1176,1701,"""2016-04-01T21:32:01Z""",true
google/closure-compiler,2016-04-20 15:39:33 UTC,2016-04-20 15:59:10 UTC,20,1744,"""2016-04-20T15:59:10Z""",true
google/closure-compiler,2016-05-13 09:09:06 UTC,2016-05-19 16:31:56 UTC,9082,1792,"""2016-05-19T16:31:56Z""",true
google/closure-compiler,2016-09-21 16:27:01 UTC,2016-09-21 17:51:25 UTC,84,2025,"""2016-09-21T17:51:25Z""",true
google/closure-compiler,2017-04-03 12:29:08 UTC,2017-04-04 23:45:07 UTC,2116,2400,"""2017-04-04T23:45:07Z""",true
